,최고기온,최저기온,강수유무,가격
2014-01-02,12.8,2.9,0,800.0
2014-01-03,15.1,2.2,0,800.0
2014-01-06,9.9,-0.8,0,800.0
2014-01-07,11.7,-0.1,0,800.0
2014-01-08,9.5,2.5,1,790.0
2014-01-09,2.6,-1.5,0,790.0
2014-01-10,5.0,-1.0,1,790.0
2014-01-13,3.8,-0.8,0,790.0
2014-01-14,5.3,-1.8,0,790.0
2014-01-15,5.6,0.9,0,790.0
2014-01-16,6.4,0.6,0,790.0
2014-01-17,8.4,1.2,0,810.0
2014-01-20,9.7,2.6,0,810.0
2014-01-21,3.0,-0.7,0,810.0
2014-01-22,5.7,-0.3,0,830.0
2014-01-23,8.3,-0.1,0,850.0
2014-01-24,15.8,0.5,0,850.0
2014-01-27,12.9,-2.3,0,810.0
2014-01-28,11.6,2.2,0,810.0
2014-01-29,14.6,-1.8,1,810.0
2014-02-03,9.6,0.4,0,810.0
2014-02-04,1.2,-1.8,0,810.0
2014-02-05,4.5,-2.0,0,810.0
2014-02-06,6.8,1.5,1,770.0
2014-02-07,9.6,6.1,1,770.0
2014-02-10,3.4,1.1,1,770.0
2014-02-11,7.9,2.6,1,770.0
2014-02-12,8.1,3.1,0,770.0
2014-02-13,8.4,3.2,1,770.0
2014-02-14,7.6,3.5,0,770.0
2014-02-17,9.5,5.8,1,770.0
2014-02-18,8.2,4.6,1,740.0
2014-02-19,9.1,3.9,0,740.0
2014-02-20,8.0,3.7,0,740.0
2014-02-21,7.0,-0.7,0,700.0
2014-02-24,13.5,0.5,0,660.0
2014-02-25,14.4,3.7,0,660.0
2014-02-26,10.1,7.1,1,660.0
2014-02-27,13.5,4.9,0,660.0
2014-02-28,10.0,4.1,0,660.0
2014-03-03,12.0,4.1,0,660.0
2014-03-04,11.0,2.4,1,660.0
2014-03-05,7.9,2.4,0,660.0
2014-03-06,7.9,1.5,0,660.0
2014-03-07,6.7,1.7,0,660.0
2014-03-10,7.8,-0.4,0,660.0
2014-03-11,13.3,-1.7,0,660.0
2014-03-12,17.0,9.6,1,660.0
2014-03-13,11.6,4.8,1,660.0
2014-03-14,8.3,1.4,0,690.0
2014-03-17,18.4,7.3,0,740.0
2014-03-18,20.5,5.9,1,780.0
2014-03-19,17.0,4.5,0,790.0
2014-03-20,11.4,5.6,0,790.0
2014-03-21,9.9,2.8,0,780.0
2014-03-24,18.3,3.2,0,800.0
2014-03-25,16.9,14.6,1,820.0
2014-03-26,18.7,8.8,1,820.0
2014-03-27,18.9,5.8,0,820.0
2014-03-28,22.5,6.2,0,820.0
2014-03-31,17.2,6.3,0,910.0
2014-04-01,18.9,8.5,0,910.0
2014-04-02,20.1,7.3,0,910.0
2014-04-03,17.4,7.4,0,910.0
2014-04-04,11.7,6.1,0,940.0
2014-04-07,16.5,5.3,0,950.0
2014-04-08,17.3,5.8,0,950.0
2014-04-09,16.7,7.2,0,950.0
2014-04-10,17.5,6.9,0,950.0
2014-04-11,19.2,6.1,0,950.0
2014-04-14,19.0,6.8,0,1020.0
2014-04-15,21.2,5.4,0,1020.0
2014-04-16,20.6,10.5,0,1020.0
2014-04-17,21.6,13.0,1,1020.0
2014-04-18,16.5,11.1,1,1020.0
2014-04-21,19.2,7.8,0,1020.0
2014-04-22,19.4,9.2,0,1020.0
2014-04-23,23.9,6.4,0,1020.0
2014-04-24,24.7,10.4,0,1020.0
2014-04-25,23.7,10.7,0,1120.0
2014-04-28,17.0,13.2,1,1140.0
2014-04-29,14.2,12.1,1,1140.0
2014-04-30,17.8,9.5,0,1140.0
2014-05-02,27.1,13.3,0,1140.0
2014-05-07,23.6,11.1,0,1230.0
2014-05-08,19.9,8.7,0,1230.0
2014-05-09,23.5,6.4,0,1310.0
2014-05-12,21.6,14.1,1,1370.0
2014-05-13,26.5,15.4,0,1420.0
2014-05-14,17.4,14.0,1,1420.0
2014-05-15,22.7,13.5,1,1390.0
2014-05-16,26.5,11.5,0,1370.0
2014-05-19,23.7,13.4,0,1370.0
2014-05-20,18.5,15.5,1,1370.0
2014-05-21,23.4,12.7,0,1370.0
2014-05-22,25.5,11.0,0,1370.0
2014-05-23,25.3,12.6,0,1370.0
2014-05-26,25.3,17.6,0,1370.0
2014-05-27,28.6,19.2,0,1370.0
2014-05-28,27.7,16.3,0,1370.0
2014-05-29,27.6,14.1,0,1350.0
2014-05-30,28.7,14.3,0,1350.0
2014-06-02,28.4,20.3,0,1330.0
2014-06-03,23.7,18.0,1,1330.0
2014-06-05,25.4,17.7,1,1350.0
2014-06-09,25.1,15.9,0,1370.0
2014-06-10,26.2,16.3,0,1370.0
2014-06-11,25.9,17.9,0,1390.0
2014-06-12,23.5,17.8,0,1390.0
2014-06-13,25.9,17.6,0,1390.0
2014-06-16,25.4,17.9,1,1410.0
2014-06-17,19.6,15.6,1,1410.0
2014-06-18,24.4,16.9,1,1410.0
2014-06-19,25.7,16.0,0,1410.0
2014-06-20,25.9,16.7,0,1410.0
2014-06-23,23.7,17.9,0,1410.0
2014-06-24,25.5,19.4,0,1410.0
2014-06-25,24.0,18.7,0,1410.0
2014-06-26,23.4,18.7,0,1410.0
2014-06-27,27.3,18.9,0,1410.0
2014-06-30,28.5,20.8,0,1410.0
2014-07-01,28.4,21.0,0,1410.0
2014-07-02,21.7,19.4,1,1410.0
2014-07-03,25.9,20.3,1,1430.0
2014-07-04,23.8,20.7,1,1430.0
2014-07-07,26.1,21.0,0,1450.0
2014-07-08,31.9,20.3,0,1450.0
2014-07-09,26.1,21.0,1,1450.0
2014-07-10,23.7,20.7,1,1450.0
2014-07-11,29.1,21.5,0,1450.0
2014-07-14,27.8,19.6,0,1490.0
2014-07-15,26.5,19.5,1,1490.0
2014-07-16,29.1,21.8,0,1480.0
2014-07-17,31.0,21.2,1,1480.0
2014-07-18,30.3,22.7,0,1480.0
2014-07-21,29.0,21.1,0,1500.0
2014-07-22,30.1,20.4,0,1500.0
2014-07-23,34.4,21.4,0,1500.0
2014-07-24,32.9,26.6,0,1500.0
2014-07-25,32.2,27.3,0,1510.0
2014-07-28,28.3,19.2,1,1510.0
2014-07-29,29.3,22.0,0,1510.0
2014-07-30,32.6,21.8,0,1500.0
2014-07-31,34.2,24.5,0,1500.0
2014-08-04,29.0,23.1,1,1570.0
2014-08-05,31.6,24.1,0,1620.0
2014-08-06,29.1,22.8,0,1640.0
2014-08-07,30.7,22.6,1,1640.0
2014-08-08,26.1,23.0,1,1660.0
2014-08-11,27.0,20.9,0,1680.0
2014-08-12,29.0,21.0,0,1730.0
2014-08-13,27.9,21.6,1,1740.0
2014-08-14,23.3,20.2,1,1750.0
2014-08-18,28.5,23.0,1,1960.0
2014-08-19,24.2,22.2,1,1960.0
2014-08-20,27.0,22.0,1,2030.0
2014-08-21,27.8,21.3,0,2100.0
2014-08-22,28.0,20.5,0,2100.0
2014-08-25,28.6,23.9,1,2200.0
2014-08-26,27.0,22.4,0,2220.0
2014-08-27,26.0,20.8,1,2400.0
2014-08-28,23.4,19.7,1,2470.0
2014-08-29,23.8,19.8,1,2470.0
2014-09-01,27.4,19.8,0,2470.0
2014-09-02,29.4,20.6,0,2470.0
2014-09-03,27.9,21.6,1,2470.0
2014-09-04,27.4,20.0,1,2470.0
2014-09-05,27.7,19.2,0,2470.0
2014-09-11,27.5,17.3,0,2470.0
2014-09-12,26.0,19.4,1,2470.0
2014-09-15,26.8,19.7,0,2570.0
2014-09-17,26.2,17.6,0,2570.0
2014-09-18,22.1,18.7,1,2570.0
2014-09-19,22.0,16.2,1,2570.0
2014-09-22,25.7,19.9,0,2600.0
2014-09-23,25.8,20.9,1,2650.0
2014-09-24,26.3,20.1,1,2570.0
2014-09-25,25.3,17.8,0,2570.0
2014-09-26,27.0,17.1,0,2540.0
2014-09-29,29.1,16.3,1,2480.0
2014-09-30,21.5,18.9,1,2480.0
2014-10-01,25.5,18.0,0,2460.0
2014-10-02,26.4,17.9,0,2410.0
2014-10-06,21.5,15.4,0,2250.0
2014-10-07,22.7,14.0,0,2190.0
2014-10-08,22.0,14.0,0,2190.0
2014-10-10,25.4,17.9,0,2140.0
2014-10-13,20.4,16.0,1,1970.0
2014-10-14,20.7,12.0,0,1970.0
2014-10-15,20.2,10.4,0,1940.0
2014-10-16,21.6,12.2,0,1940.0
2014-10-17,20.0,11.5,0,1770.0
2014-10-20,26.2,18.7,0,1620.0
2014-10-21,25.4,18.0,1,1610.0
2014-10-22,20.6,14.5,1,1490.0
2014-10-23,19.9,12.4,0,1420.0
2014-10-24,20.4,9.4,0,1360.0
2014-10-27,18.6,10.9,0,1330.0
2014-10-28,20.1,10.5,0,1180.0
2014-10-29,0.0,0.0,0,1140.0
2014-10-30,0.0,0.0,0,1040.0
2014-10-31,0.0,0.0,0,1010.0
2014-11-03,0.0,0.0,0,900.0
2014-11-04,0.0,0.0,0,870.0
2014-11-05,0.0,0.0,0,860.0
2014-11-06,0.0,0.0,0,860.0
2014-11-07,0.0,0.0,0,830.0
2014-11-10,0.0,0.0,0,780.0
2014-11-11,15.5,7.6,0,780.0
2014-11-12,16.2,9.8,0,780.0
2014-11-13,10.6,6.3,1,770.0
2014-11-14,13.5,7.2,0,770.0
2014-11-17,14.1,9.0,0,770.0
2014-11-18,13.5,7.0,0,750.0
2014-11-19,13.9,5.6,0,700.0
2014-11-20,15.4,5.1,0,700.0
2014-11-21,18.4,4.7,0,690.0
2014-11-24,23.5,10.9,1,640.0
2014-11-25,15.2,11.4,1,620.0
2014-11-26,16.7,8.9,1,620.0
2014-11-27,17.0,8.4,0,620.0
2014-11-28,21.4,10.4,1,620.0
2014-12-02,5.3,1.8,1,620.0
2014-12-03,9.1,3.9,1,620.0
2014-12-04,6.5,1.9,1,680.0
2014-12-05,5.6,0.8,1,680.0
2014-12-08,9.8,4.9,1,680.0
2014-12-09,8.4,3.0,0,670.0
2014-12-10,14.6,3.9,0,650.0
2014-12-11,9.0,4.5,1,650.0
2014-12-12,6.9,3.0,1,650.0
2014-12-15,12.7,1.2,1,650.0
2014-12-16,10.2,-0.4,1,650.0
2014-12-17,4.0,-1.3,1,650.0
2014-12-18,4.7,-0.3,0,660.0
2014-12-19,10.5,-1.2,1,650.0
2014-12-22,6.7,1.2,0,650.0
2014-12-23,11.0,2.5,0,650.0
2014-12-24,14.7,5.9,0,650.0
2014-12-26,6.5,-0.9,0,650.0
2014-12-29,11.0,4.2,0,630.0
2014-12-30,13.5,3.5,0,630.0
2014-12-31,12.4,1.4,0,630.0
2015-01-02,7.0,1.5,1,630.0
2015-01-05,18.6,1.4,1,630.0
2015-01-06,15.1,1.8,1,630.0
2015-01-07,3.9,1.7,0,630.0
2015-01-08,6.2,3.2,0,630.0
2015-01-09,8.7,4.4,0,640.0
2015-01-12,6.6,1.0,0,640.0
2015-01-13,13.5,0.3,0,640.0
2015-01-14,9.2,6.3,1,640.0
2015-01-15,9.8,0.7,0,640.0
2015-01-16,7.5,1.4,0,650.0
2015-01-19,9.9,4.1,0,650.0
2015-01-20,8.5,0.5,0,650.0
2015-01-21,9.3,3.3,1,650.0
2015-01-22,7.5,3.4,1,650.0
2015-01-23,8.4,2.1,0,650.0
2015-01-26,12.5,5.4,0,650.0
2015-01-27,5.9,1.6,0,650.0
2015-01-28,5.0,0.5,0,650.0
2015-01-29,5.6,0.6,1,650.0
2015-01-30,5.2,1.6,1,650.0
2015-02-02,8.0,0.5,0,680.0
2015-02-03,8.5,-0.4,0,680.0
2015-02-04,6.0,3.2,0,680.0
2015-02-05,5.1,1.9,0,700.0
2015-02-06,7.7,3.1,0,710.0
2015-02-09,2.7,-2.1,0,710.0
2015-02-10,8.4,-1.8,0,740.0
2015-02-11,11.5,3.4,0,770.0
2015-02-12,8.0,2.6,0,790.0
2015-02-13,6.1,0.5,0,790.0
2015-02-16,12.3,7.5,1,810.0
2015-02-17,9.2,4.9,0,810.0
2015-02-23,8.7,1.3,0,810.0
2015-02-24,10.3,1.7,0,810.0
2015-02-25,11.0,2.2,0,810.0
2015-02-26,10.3,2.1,0,870.0
2015-02-27,3.6,0.9,0,880.0
2015-03-02,9.5,-0.9,0,880.0
2015-03-03,9.4,4.2,1,880.0
2015-03-04,4.8,1.2,0,870.0
2015-03-05,7.1,-0.3,0,870.0
2015-03-06,8.2,3.8,0,870.0
2015-03-09,10.2,-0.1,1,870.0
2015-03-10,3.0,-2.5,0,870.0
2015-03-11,8.5,1.0,0,880.0
2015-03-12,11.0,4.5,0,880.0
2015-03-13,15.3,4.4,0,880.0
2015-03-16,19.5,5.4,0,880.0
2015-03-17,19.3,5.3,0,880.0
2015-03-18,18.2,13.5,1,880.0
2015-03-19,14.8,10.3,1,880.0
2015-03-20,16.0,8.4,0,880.0
2015-03-23,11.5,2.8,0,890.0
2015-03-24,10.3,2.3,0,890.0
2015-03-25,11.5,-1.4,0,890.0
2015-03-26,13.6,-0.9,0,890.0
2015-03-27,13.7,2.1,0,890.0
2015-03-30,18.5,7.0,0,890.0
2015-03-31,23.3,12.9,0,890.0
2015-04-01,21.6,12.9,0,890.0
2015-04-02,26.1,11.8,1,890.0
2015-04-03,18.8,8.1,1,930.0
2015-04-06,12.0,7.7,1,930.0
2015-04-07,11.6,6.3,0,930.0
2015-04-08,13.3,6.4,0,930.0
2015-04-09,14.5,6.3,0,930.0
2015-04-10,14.6,6.1,0,930.0
2015-04-13,15.6,7.2,1,930.0
2015-04-14,13.1,6.5,0,930.0
2015-04-15,18.7,8.0,0,930.0
2015-04-16,23.6,9.9,0,940.0
2015-04-17,19.6,5.7,0,960.0
2015-04-20,14.2,10.3,1,960.0
2015-04-21,16.8,6.5,0,960.0
2015-04-22,20.0,4.9,0,960.0
2015-04-23,19.4,6.9,0,960.0
2015-04-24,21.9,10.8,0,910.0
2015-04-27,23.8,10.3,0,940.0
2015-04-28,22.9,16.1,1,940.0
2015-04-29,22.0,14.1,1,940.0
2015-04-30,19.6,13.1,1,940.0
2015-05-04,21.1,10.6,0,970.0
2015-05-06,17.3,6.8,0,990.0
2015-05-07,22.0,8.7,0,990.0
2015-05-08,22.2,8.6,0,990.0
2015-05-11,21.6,13.7,1,970.0
2015-05-12,19.5,12.0,1,990.0
2015-05-13,24.6,17.6,0,990.0
2015-05-14,27.8,20.5,0,990.0
2015-05-15,24.1,16.3,1,990.0
2015-05-18,16.7,12.8,1,1060.0
2015-05-19,22.2,12.9,0,1060.0
2015-05-20,21.2,10.6,0,1090.0
2015-05-21,22.8,9.4,0,1090.0
2015-05-22,24.7,12.8,0,1260.0
2015-05-26,24.5,10.8,0,1260.0
2015-05-27,25.8,12.6,0,1260.0
2015-05-28,26.3,16.0,1,1260.0
2015-05-29,27.6,15.8,0,1260.0
2015-06-01,25.2,13.9,0,1260.0
2015-06-02,22.4,16.7,1,1260.0
2015-06-03,24.4,15.9,1,1260.0
2015-06-04,24.8,13.0,0,1260.0
2015-06-05,20.0,12.9,1,1260.0
2015-06-08,24.1,17.5,1,1240.0
2015-06-09,24.3,17.3,0,1240.0
2015-06-10,25.8,15.9,0,1240.0
2015-06-11,27.4,20.3,1,1240.0
2015-06-12,31.2,21.0,0,1240.0
2015-06-15,26.3,18.3,0,1240.0
2015-06-16,24.5,17.9,1,1240.0
2015-06-17,20.4,17.6,1,1240.0
2015-06-18,25.1,18.4,0,1240.0
2015-06-19,26.3,17.8,0,1240.0
2015-06-22,22.7,17.5,0,1280.0
2015-06-23,26.3,18.7,0,1280.0
2015-06-24,22.3,19.4,1,1300.0
2015-06-25,26.9,19.3,1,1300.0
2015-06-26,26.3,19.4,1,1300.0
2015-06-29,24.9,15.9,0,1300.0
2015-06-30,25.5,18.9,1,1300.0
2015-07-01,24.7,17.1,0,1300.0
2015-07-02,25.5,14.6,0,1300.0
2015-07-03,26.9,18.1,0,1300.0
2015-07-06,23.4,17.7,1,1300.0
2015-07-07,22.0,18.0,1,1290.0
2015-07-08,31.5,21.1,1,1290.0
2015-07-09,31.7,21.9,0,1290.0
2015-07-10,27.1,21.0,0,1290.0
2015-07-13,30.0,21.1,0,1290.0
2015-07-14,29.4,20.5,0,1310.0
2015-07-15,29.2,21.0,0,1310.0
2015-07-16,27.9,20.9,0,1310.0
2015-07-17,26.6,18.5,0,1310.0
2015-07-20,30.1,21.7,0,1310.0
2015-07-21,27.8,21.9,0,1310.0
2015-07-22,27.6,23.1,1,1310.0
2015-07-23,30.7,25.3,0,1310.0
2015-07-24,28.6,25.5,0,1310.0
2015-07-27,33.9,23.1,0,1310.0
2015-07-28,34.0,24.6,0,1310.0
2015-07-29,35.8,24.9,0,1310.0
2015-07-30,33.4,23.8,0,1310.0
2015-07-31,35.1,23.0,0,1310.0
2015-08-03,34.0,21.3,0,1310.0
2015-08-04,34.1,22.7,0,1310.0
2015-08-05,32.0,22.6,0,1310.0
2015-08-06,33.4,22.9,0,1310.0
2015-08-07,33.4,23.0,0,1330.0
2015-08-10,31.4,23.0,0,1280.0
2015-08-11,30.6,22.6,1,1280.0
2015-08-12,25.3,22.9,1,1260.0
2015-08-13,29.0,23.5,0,1260.0
2015-08-17,28.6,22.0,1,1260.0
2015-08-18,29.9,21.9,0,1260.0
2015-08-19,29.9,23.3,1,1260.0
2015-08-20,30.5,23.0,0,1260.0
2015-08-21,28.3,22.1,1,1260.0
2015-08-24,25.1,20.6,1,1260.0
2015-08-25,25.0,19.2,1,1290.0
2015-08-26,26.2,18.6,0,1290.0
2015-08-27,28.3,18.4,0,1320.0
2015-08-28,28.1,21.3,0,1330.0
2015-08-31,28.3,21.1,1,1330.0
2015-09-01,28.5,20.4,1,1330.0
2015-09-02,29.2,19.1,0,1350.0
2015-09-03,27.9,21.0,0,1350.0
2015-09-04,27.8,19.9,0,1400.0
2015-09-07,26.0,20.5,0,1380.0
2015-09-08,25.1,18.8,0,1380.0
2015-09-09,25.4,16.1,0,1370.0
2015-09-10,26.4,15.7,0,1370.0
2015-09-11,26.5,16.2,0,1350.0
2015-09-14,26.9,17.5,0,1390.0
2015-09-15,25.9,19.6,0,1390.0
2015-09-16,21.2,18.5,1,1360.0
2015-09-17,24.3,17.7,1,1400.0
2015-09-18,25.8,17.7,0,1420.0
2015-09-21,27.1,15.9,0,1410.0
2015-09-22,29.7,16.2,0,1410.0
2015-09-23,22.8,19.0,1,1440.0
2015-09-24,24.4,19.3,1,1510.0
2015-09-25,26.1,19.1,0,1510.0
2015-09-30,22.5,18.4,1,1510.0
2015-10-01,25.6,17.6,1,1510.0
2015-10-02,21.8,15.2,0,1530.0
2015-10-05,25.0,13.8,0,1490.0
2015-10-06,24.1,12.8,0,1490.0
2015-10-07,25.7,12.8,0,1490.0
2015-10-08,22.8,15.4,0,1490.0
2015-10-12,19.8,15.3,0,1470.0
2015-10-13,20.9,11.6,0,1420.0
2015-10-14,23.1,11.7,0,1400.0
2015-10-15,23.4,11.3,0,1300.0
2015-10-16,22.1,14.4,0,1300.0
2015-10-19,24.7,10.7,0,1280.0
2015-10-20,22.9,14.5,0,1280.0
2015-10-21,24.8,14.3,0,1280.0
2015-10-22,24.1,13.9,0,1240.0
2015-10-23,22.6,14.2,0,1240.0
2015-10-26,23.6,13.3,0,1220.0
2015-10-27,20.9,14.4,1,1200.0
2015-10-28,18.7,10.9,0,1200.0
2015-10-29,19.4,10.6,0,1160.0
2015-10-30,16.4,10.3,0,1140.0
2015-11-02,17.4,7.8,0,1140.0
2015-11-03,18.3,7.5,0,1140.0
2015-11-04,22.2,6.6,0,1110.0
2015-11-05,21.6,13.4,1,1130.0
2015-11-06,25.1,14.0,1,1130.0
2015-11-09,16.2,12.7,1,1130.0
2015-11-10,14.8,10.5,0,1160.0
2015-11-11,17.3,10.9,1,1150.0
2015-11-12,19.7,14.1,1,1110.0
2015-11-13,18.2,15.0,1,1110.0
2015-11-16,22.1,10.0,0,1110.0
2015-11-17,17.2,15.4,1,1130.0
2015-11-18,16.8,13.5,1,1130.0
2015-11-19,16.2,13.5,1,1130.0
2015-11-20,17.0,13.2,1,1130.0
2015-11-23,17.2,12.8,1,1130.0
2015-11-24,13.6,10.7,1,1150.0
2015-11-25,12.0,5.3,1,1190.0
2015-11-26,6.8,1.6,1,1170.0
2015-11-27,7.9,2.7,1,1110.0
2015-11-30,15.1,6.8,0,1090.0
2015-12-01,15.4,6.2,0,1110.0
2015-12-02,20.4,6.8,1,1080.0
2015-12-03,9.0,5.6,1,1030.0
2015-12-07,10.9,3.4,0,1010.0
2015-12-08,11.2,6.0,0,1010.0
2015-12-09,16.8,4.6,0,1010.0
2015-12-10,16.0,11.6,1,1000.0
2015-12-11,12.4,8.7,1,1000.0
2015-12-14,14.8,10.5,1,1000.0
2015-12-15,11.8,7.6,0,1020.0
2015-12-16,8.0,0.6,1,1020.0
2015-12-17,5.0,0.6,1,1020.0
2015-12-18,6.6,3.8,0,1000.0
2015-12-21,11.9,5.4,1,1000.0
2015-12-22,16.0,5.5,0,1000.0
2015-12-23,15.5,9.3,1,1000.0
2015-12-24,9.8,6.3,0,1000.0
2015-12-28,6.0,3.1,0,970.0
2015-12-29,6.8,4.4,0,970.0
2015-12-30,10.1,4.9,0,990.0
2015-12-31,9.5,4.6,1,990.0
2016-01-04,13.2,6.8,0,1010.0
2016-01-05,9.0,4.1,1,1020.0
2016-01-06,7.2,3.0,0,1020.0
2016-01-07,7.3,4.5,0,1020.0
2016-01-08,6.1,3.5,0,1020.0
2016-01-11,7.2,2.8,0,1010.0
2016-01-12,4.7,2.6,0,1010.0
2016-01-13,4.3,2.1,0,1010.0
2016-01-14,6.9,2.0,0,990.0
2016-01-15,11.0,2.5,0,990.0
2016-01-18,7.5,-2.0,0,990.0
2016-01-19,2.3,-2.5,0,980.0
2016-01-20,1.9,0.0,0,980.0
2016-01-21,2.6,0.6,0,980.0
2016-01-22,3.7,-0.4,0,980.0
2016-01-25,2.7,-3.5,1,980.0
2016-01-26,6.7,2.2,1,980.0
2016-01-27,9.1,1.5,0,1010.0
2016-01-28,10.6,4.1,1,1010.0
2016-01-29,9.2,6.1,1,1010.0
2016-02-01,2.3,0.3,0,1040.0
2016-02-02,4.2,0.5,0,1040.0
2016-02-03,6.3,1.1,0,1010.0
2016-02-04,8.8,0.8,0,1010.0
2016-02-05,7.7,0.8,0,1010.0
2016-02-11,20.0,5.2,0,1010.0
2016-02-12,17.8,15.0,1,1010.0
2016-02-15,3.6,-1.9,0,1010.0
2016-02-16,8.4,1.3,0,1020.0
2016-02-17,7.1,0.4,0,1020.0
2016-02-18,11.9,0.5,0,1020.0
2016-02-19,11.4,5.3,0,1020.0
2016-02-22,8.2,2.9,1,1020.0
2016-02-23,9.7,2.1,1,1020.0
2016-02-24,4.6,0.9,0,1020.0
2016-02-25,6.8,0.0,0,1020.0
2016-02-26,12.0,1.2,0,1020.0
2016-03-02,14.4,-1.6,1,1020.0
2016-03-03,17.0,1.6,1,1020.0
2016-03-04,19.8,14.6,0,1020.0
2016-03-07,17.7,6.9,0,1020.0
2016-03-08,13.6,4.9,1,1020.0
2016-03-09,7.9,2.4,1,1020.0
2016-03-10,5.9,1.1,0,1020.0
2016-03-11,6.4,1.4,0,1020.0
2016-03-14,8.2,2.2,0,1000.0
2016-03-15,12.1,1.1,0,1030.0
2016-03-16,16.0,4.6,0,1030.0
2016-03-17,18.7,4.1,1,1030.0
2016-03-18,19.6,12.1,1,1030.0
2016-03-21,16.0,6.3,0,1030.0
2016-03-22,14.2,4.3,0,1030.0
2016-03-23,14.1,3.7,0,1010.0
2016-03-24,11.1,5.0,0,1010.0
2016-03-25,10.8,4.2,0,1010.0
2016-03-28,16.4,1.7,0,1010.0
2016-03-29,16.2,10.9,0,1010.0
2016-03-30,20.5,10.1,0,1040.0
2016-03-31,15.3,9.6,0,1040.0
2016-04-01,18.5,7.1,0,1050.0
2016-04-04,14.0,11.2,1,1050.0
2016-04-05,16.3,8.5,0,1070.0
2016-04-06,20.6,7.6,1,1100.0
2016-04-07,20.0,10.1,1,1120.0
2016-04-08,17.2,8.9,0,1120.0
2016-04-11,19.6,8.1,0,1130.0
2016-04-12,21.6,9.1,0,1130.0
2016-04-14,22.2,9.8,0,1130.0
2016-04-15,23.6,5.9,0,1190.0
2016-04-18,16.7,9.9,0,1170.0
2016-04-19,18.0,9.3,0,1170.0
2016-04-20,21.8,7.9,0,1170.0
2016-04-21,20.4,12.1,1,1170.0
2016-04-22,23.1,9.1,0,1150.0
2016-04-25,22.4,10.4,0,1140.0
2016-04-26,23.4,8.6,0,1140.0
2016-04-27,16.4,12.1,1,1170.0
2016-04-28,15.5,9.5,1,1170.0
2016-04-29,19.0,6.0,0,1150.0
2016-05-02,24.1,16.4,1,1150.0
2016-05-03,21.5,13.6,1,1170.0
2016-05-04,23.8,14.2,0,1170.0
2016-05-09,17.1,13.9,0,1170.0
2016-05-10,14.9,11.9,1,1210.0
2016-05-11,18.1,11.3,0,1260.0
2016-05-12,20.7,10.2,0,1450.0
2016-05-13,20.3,9.9,0,1460.0
2016-05-16,18.3,10.2,1,1460.0
2016-05-17,22.8,9.2,0,1460.0
2016-05-18,24.4,10.1,0,1440.0
2016-05-19,25.4,12.1,0,1410.0
2016-05-20,26.1,11.8,0,1410.0
2016-05-23,25.9,16.1,0,1410.0
2016-05-24,21.8,14.0,1,1410.0
2016-05-25,23.6,13.2,0,1410.0
2016-05-26,25.4,14.1,1,1360.0
2016-05-27,23.6,16.4,1,1360.0
2016-05-30,24.3,12.0,0,1360.0
2016-05-31,25.6,12.2,0,1360.0
2016-06-01,24.0,16.0,0,1340.0
2016-06-02,25.6,15.1,0,1320.0
2016-06-03,27.4,14.2,0,1320.0
2016-06-07,25.6,17.1,0,1340.0
2016-06-08,22.2,18.1,0,1340.0
2016-06-09,25.8,18.3,1,1330.0
2016-06-10,25.8,16.8,0,1330.0
2016-06-13,24.3,19.1,0,1330.0
2016-06-14,24.5,17.0,0,1330.0
2016-06-15,28.4,15.9,0,1330.0
2016-06-16,23.3,18.5,0,1270.0
2016-06-17,26.7,17.5,0,1270.0
2016-06-20,27.6,21.1,1,1260.0
2016-06-21,26.7,20.9,1,1260.0
2016-06-22,26.5,22.2,1,1250.0
2016-06-23,28.5,21.0,0,1290.0
2016-06-24,28.4,20.8,1,1290.0
2016-06-27,21.8,17.0,1,1290.0
2016-06-28,22.2,17.5,1,1290.0
2016-06-29,25.0,19.6,1,1290.0
2016-06-30,30.8,20.7,0,1290.0
2016-07-01,27.2,23.5,1,1290.0
2016-07-04,30.7,25.7,0,1290.0
2016-07-05,31.3,26.6,0,1270.0
2016-07-06,33.4,23.0,0,1270.0
2016-07-07,30.8,21.2,0,1250.0
2016-07-08,30.6,22.7,0,1250.0
2016-07-11,26.6,20.6,1,1250.0
2016-07-12,27.2,21.8,1,1250.0
2016-07-13,30.8,24.1,1,1250.0
2016-07-14,28.3,20.4,0,1250.0
2016-07-15,30.2,19.7,1,1250.0
2016-07-18,28.5,20.5,0,1250.0
2016-07-19,31.9,22.4,0,1250.0
2016-07-20,32.3,23.8,0,1250.0
2016-07-21,34.0,23.0,0,1230.0
2016-07-22,32.8,24.0,0,1230.0
2016-07-25,31.8,23.7,0,1230.0
2016-07-26,33.9,24.3,0,1230.0
2016-07-27,34.4,26.5,0,1280.0
2016-07-28,34.8,26.9,0,1320.0
2016-07-29,33.7,26.0,0,1340.0
2016-08-01,32.5,24.2,1,1450.0
2016-08-02,32.8,24.1,1,1450.0
2016-08-03,29.3,24.0,1,1530.0
2016-08-04,33.1,23.5,1,1560.0
2016-08-05,34.3,23.9,1,1560.0
2016-08-08,32.5,23.3,0,1560.0
2016-08-09,33.7,24.4,0,1560.0
2016-08-10,33.6,24.2,0,1580.0
2016-08-11,34.2,23.4,0,1580.0
2016-08-12,33.8,25.4,0,1580.0
2016-08-16,31.7,24.0,0,1680.0
2016-08-17,32.6,22.6,0,1790.0
2016-08-18,33.6,23.5,0,1960.0
2016-08-19,32.5,24.3,1,1990.0
2016-08-22,32.1,24.2,0,2120.0
2016-08-23,32.5,24.4,0,2140.0
2016-08-24,32.4,23.0,0,2140.0
2016-08-25,31.5,22.3,0,2140.0
2016-08-26,31.8,23.9,0,2140.0
2016-08-29,26.0,20.6,0,2140.0
2016-08-30,26.9,21.0,0,2140.0
2016-08-31,28.4,21.7,0,2110.0
2016-09-01,30.7,20.4,1,2110.0
2016-09-02,24.1,20.3,1,2050.0
2016-09-05,29.4,21.0,0,2080.0
2016-09-06,26.5,20.7,0,2080.0
2016-09-07,26.4,20.5,1,2060.0
2016-09-08,27.6,19.2,0,2060.0
2016-09-09,28.3,19.9,0,2060.0
2016-09-12,25.3,19.7,1,2060.0
2016-09-13,28.0,18.5,0,2100.0
2016-09-19,20.9,19.4,1,2020.0
2016-09-20,25.2,17.0,0,2000.0
2016-09-21,25.2,16.6,0,1980.0
2016-09-22,30.3,17.4,1,1980.0
2016-09-23,25.7,16.8,0,1980.0
2016-09-26,26.5,20.4,0,1980.0
2016-09-27,29.9,20.3,1,1980.0
2016-09-28,23.3,20.9,1,1980.0
2016-09-29,22.7,19.7,1,1910.0
2016-09-30,23.6,19.6,1,1910.0
2016-10-04,27.8,20.8,1,2020.0
2016-10-05,25.2,17.4,1,2020.0
2016-10-06,24.5,17.3,0,2160.0
2016-10-07,25.2,19.2,1,2160.0
2016-10-10,21.2,12.5,0,2300.0
2016-10-11,20.7,15.3,0,2300.0
2016-10-12,22.4,15.5,0,2280.0
2016-10-13,21.3,16.1,0,2280.0
2016-10-14,24.7,16.8,0,2280.0
2016-10-17,24.8,17.7,0,2280.0
2016-10-18,23.1,17.3,0,2280.0
2016-10-19,24.0,16.5,0,2250.0
2016-10-20,21.3,16.1,0,2250.0
2016-10-21,20.3,17.6,1,2250.0
2016-10-24,22.4,15.4,0,2250.0
2016-10-25,23.8,14.4,1,2250.0
2016-10-26,21.1,13.1,1,2250.0
2016-10-27,22.9,13.0,0,2270.0
2016-10-28,22.1,15.2,1,2270.0
2016-10-31,15.0,9.4,1,2300.0
2016-11-01,12.2,7.9,0,2320.0
2016-11-02,13.5,7.0,0,2360.0
2016-11-03,16.4,7.3,0,2430.0
2016-11-04,19.0,8.5,0,2520.0
2016-11-07,22.4,13.8,0,2570.0
2016-11-08,16.0,8.8,1,2690.0
2016-11-09,11.9,6.3,0,2780.0
2016-11-10,15.3,7.6,1,2970.0
2016-11-11,17.3,8.6,0,2990.0
2016-11-14,21.7,15.4,1,3070.0
2016-11-15,15.5,6.4,0,3180.0
2016-11-16,17.2,5.0,0,3280.0
2016-11-17,19.3,8.1,0,3260.0
2016-11-18,21.1,9.3,1,3330.0
2016-11-21,20.6,12.5,1,3330.0
2016-11-22,15.1,6.6,0,3330.0
2016-11-23,9.9,6.1,0,3280.0
2016-11-24,7.9,5.4,0,3180.0
2016-11-25,11.7,5.7,0,3230.0
2016-11-28,10.3,5.3,0,3230.0
2016-11-29,12.2,4.6,0,3230.0
2016-11-30,15.7,6.8,1,3250.0
2016-12-01,14.2,6.6,0,3250.0
2016-12-05,15.7,8.3,0,3230.0
2016-12-06,9.2,1.3,0,3230.0
2016-12-07,13.1,1.6,0,3230.0
2016-12-08,15.5,5.0,0,3260.0
2016-12-09,12.7,3.4,0,3260.0
2016-12-12,16.0,5.5,0,3270.0
2016-12-13,12.5,7.5,0,3270.0
2016-12-14,7.6,4.1,0,3270.0
2016-12-15,5.8,1.5,1,3270.0
2016-12-16,5.6,1.3,0,3290.0
2016-12-19,18.5,11.0,1,3310.0
2016-12-20,14.0,7.5,0,3310.0
2016-12-21,22.0,7.5,1,3330.0
2016-12-22,19.8,7.4,1,3330.0
2016-12-23,7.6,4.1,1,3350.0
2016-12-26,16.7,6.8,1,3350.0
2016-12-27,7.3,2.2,1,3380.0
2016-12-28,7.6,1.7,0,3380.0
2016-12-29,6.5,2.2,0,3410.0
2016-12-30,7.6,0.7,0,3430.0
2017-01-02,14.2,7.5,0,3430.0
2017-01-03,11.9,2.5,0,3410.0
2017-01-04,12.8,0.9,0,3410.0
2017-01-05,13.1,6.6,1,3460.0
2017-01-06,14.1,8.5,1,3440.0
2017-01-09,8.5,4.6,0,3390.0
2017-01-10,6.8,3.6,0,3390.0
2017-01-11,5.4,2.2,0,3390.0
2017-01-12,9.5,1.5,0,3420.0
2017-01-13,8.7,1.6,0,3370.0
2017-01-16,5.3,-0.5,0,3290.0
2017-01-17,8.2,-0.1,0,3310.0
2017-01-18,7.8,1.9,0,3310.0
2017-01-19,7.8,1.2,0,3180.0
2017-01-20,5.6,-0.8,1,3140.0
2017-01-23,2.2,-0.6,0,3140.0
2017-01-24,3.4,-1.3,0,3110.0
2017-01-25,6.3,-1.6,0,3060.0
2017-01-26,10.0,-0.6,0,2970.0
2017-01-31,5.1,-0.2,0,2970.0
2017-02-01,5.7,-1.3,0,2920.0
2017-02-02,7.6,-2.5,0,2920.0
2017-02-03,9.7,-2.6,0,2800.0
2017-02-06,6.5,1.6,0,2690.0
2017-02-07,8.4,0.7,0,2640.0
2017-02-08,6.7,0.4,1,2640.0
2017-02-09,3.0,-0.9,0,2570.0
2017-02-10,1.7,-2.1,1,2520.0
2017-02-13,10.2,-1.8,0,2520.0
2017-02-14,8.4,0.8,0,2520.0
2017-02-15,11.9,-1.6,0,2480.0
2017-02-16,17.2,-0.8,1,2440.0
2017-02-17,15.2,1.6,1,2390.0
2017-02-20,15.8,0.6,1,2310.0
2017-02-21,12.8,0.1,0,2310.0
2017-02-22,0.0,0.0,0,2150.0
2017-02-23,6.2,1.6,0,2150.0
2017-02-24,7.2,1.2,0,2200.0
2017-02-27,11.1,-0.6,0,2040.0
2017-02-28,13.6,0.4,0,2040.0
2017-03-02,6.9,3.1,0,1990.0
2017-03-03,10.9,-0.3,0,1990.0
2017-03-06,7.9,2.2,0,1920.0
2017-03-07,7.5,-0.6,0,1920.0
2017-03-08,7.5,1.7,0,1920.0
2017-03-09,12.3,4.7,0,1920.0
2017-03-10,14.0,2.8,0,1890.0
2017-03-13,11.1,6.0,0,1890.0
2017-03-14,11.4,5.2,0,1820.0
2017-03-15,11.2,2.7,0,1750.0
2017-03-16,11.9,1.5,0,1660.0
2017-03-17,13.6,1.2,0,1630.0
2017-03-20,12.9,6.2,1,1590.0
2017-03-21,10.4,3.8,1,1530.0
2017-03-22,12.2,2.9,0,1530.0
2017-03-23,12.9,3.8,1,1530.0
2017-03-24,14.4,2.8,0,1500.0
2017-03-27,11.9,6.3,0,1480.0
2017-03-28,15.3,2.9,1,1480.0
2017-03-29,17.3,10.4,0,1540.0
2017-03-30,15.0,9.0,0,1560.0
2017-03-31,12.0,7.6,1,1610.0
2017-04-03,17.6,4.1,0,1650.0
2017-04-04,18.6,5.4,0,1620.0
2017-04-05,19.1,12.5,1,1600.0
2017-04-06,17.8,13.0,1,1640.0
2017-04-07,19.7,10.9,0,1640.0
2017-04-10,15.6,11.3,1,1810.0
2017-04-11,14.5,8.0,1,1900.0
2017-04-12,17.8,5.6,0,1930.0
2017-04-13,20.2,6.3,0,2000.0
2017-04-14,21.9,14.7,0,2060.0
2017-04-17,21.0,10.0,1,2030.0
2017-04-18,22.2,9.3,0,1970.0
2017-04-19,17.8,6.9,0,1970.0
2017-04-20,17.4,9.6,0,1970.0
2017-04-21,18.3,11.1,0,1970.0
2017-04-24,23.3,8.7,0,1930.0
2017-04-25,21.8,15.9,0,1930.0
2017-04-26,18.4,9.6,1,1950.0
2017-04-27,16.9,8.6,0,1900.0
2017-04-28,20.9,10.8,0,1790.0
2017-05-02,22.2,12.8,0,1740.0
2017-05-04,25.0,13.7,1,1630.0
2017-05-08,23.0,12.2,0,1570.0
2017-05-10,21.7,13.0,1,1530.0
2017-05-11,26.5,18.9,0,1530.0
2017-05-12,24.2,14.7,1,1470.0
2017-05-15,21.0,8.8,0,1400.0
2017-05-16,21.0,10.1,0,1400.0
2017-05-17,21.0,11.4,0,1320.0
2017-05-18,24.3,10.9,0,1320.0
2017-05-19,25.9,12.0,0,1370.0
2017-05-22,27.3,15.1,0,1370.0
2017-05-23,26.2,15.0,0,1370.0
2017-05-24,24.3,16.7,1,1370.0
2017-05-25,25.1,13.0,0,1350.0
2017-05-26,20.1,10.5,0,1350.0
2017-05-29,29.7,15.5,0,1350.0
2017-05-30,30.0,16.4,0,1350.0
2017-05-31,28.7,19.3,0,1350.0
2017-06-01,26.6,15.8,0,1350.0
2017-06-02,25.5,12.1,0,1350.0
2017-06-05,29.1,16.3,0,1350.0
2017-06-07,23.4,16.3,1,1350.0
2017-06-08,23.5,14.9,0,1350.0
2017-06-09,27.2,15.1,0,1350.0
2017-06-12,24.5,15.4,0,1330.0
2017-06-13,24.2,13.7,0,1320.0
2017-06-14,24.6,12.6,0,1310.0
2017-06-15,25.8,12.7,0,1250.0
2017-06-16,27.0,15.9,0,1250.0
2017-06-19,26.9,17.3,1,1250.0
2017-06-20,24.1,18.5,1,1250.0
2017-06-21,25.3,18.1,0,1250.0
2017-06-22,27.1,17.8,0,1230.0
2017-06-23,26.4,19.1,0,1230.0
2017-06-26,27.1,20.2,0,1230.0
2017-06-27,26.9,19.7,0,1140.0
2017-06-28,27.2,19.0,0,1140.0
2017-06-29,24.2,20.4,1,1140.0
2017-06-30,28.6,21.2,0,1170.0
2017-07-03,31.3,25.7,0,1170.0
2017-07-04,32.2,23.9,1,1170.0
2017-07-05,32.4,25.2,1,1170.0
2017-07-06,32.2,25.0,0,1170.0
2017-07-07,32.7,27.2,0,1125.0
2017-07-10,31.5,25.6,0,1125.0
2017-07-11,28.3,22.8,1,1120.0
2017-07-12,30.1,22.5,0,1120.0
2017-07-13,31.6,20.7,0,1120.0
2017-07-14,33.9,23.7,0,1120.0
2017-07-17,32.0,27.3,0,1120.0
2017-07-18,29.4,25.5,1,1120.0
2017-07-19,33.7,23.7,0,1120.0
2017-07-20,35.6,24.5,0,1120.0
2017-07-21,36.5,26.5,0,1120.0
2017-07-24,34.7,24.9,1,1120.0
2017-07-25,33.8,26.5,0,1120.0
2017-07-26,29.6,24.5,0,1120.0
2017-07-27,33.9,23.8,0,1120.0
2017-07-28,33.1,24.1,0,1120.0
2017-07-31,34.2,26.3,0,1120.0
2017-08-01,33.9,25.9,1,1120.0
2017-08-02,33.8,25.4,0,1110.0
2017-08-03,34.2,22.5,0,1110.0
2017-08-04,33.3,24.2,0,1110.0
2017-08-07,32.9,26.4,1,1110.0
2017-08-08,32.7,25.4,1,1110.0
2017-08-09,30.9,24.6,1,1110.0
2017-08-10,31.8,24.2,1,1110.0
2017-08-11,32.3,23.6,0,1100.0
2017-08-14,31.6,24.0,1,1100.0
2017-08-16,30.3,24.3,0,1100.0
2017-08-17,29.7,22.8,1,1100.0
2017-08-18,30.6,21.8,0,1100.0
2017-08-21,33.6,22.6,1,1100.0
2017-08-22,34.3,24.8,1,1100.0
2017-08-23,34.2,26.0,0,1100.0
2017-08-24,33.4,27.6,0,1100.0
2017-08-25,32.4,24.3,1,1100.0
2017-08-28,33.4,21.5,0,1100.0
2017-08-29,29.0,19.8,0,1100.0
2017-08-30,27.3,18.5,0,1120.0
2017-08-31,27.1,20.0,0,1120.0
2017-09-01,27.7,20.6,0,1180.0
2017-09-04,26.7,21.9,0,1240.0
2017-09-05,28.9,21.9,1,1330.0
2017-09-06,31.2,23.4,1,1370.0
2017-09-07,23.7,19.3,1,1410.0
2017-09-08,27.8,19.3,0,1410.0
2017-09-11,27.6,21.1,1,1480.0
2017-09-12,27.2,18.4,0,1650.0
2017-09-13,28.6,16.5,0,1710.0
2017-09-14,27.5,17.9,0,1760.0
2017-09-15,24.7,21.7,0,1890.0
2017-09-18,26.6,17.2,0,2190.0
2017-09-19,28.1,19.9,0,2310.0
2017-09-20,25.1,18.7,1,2490.0
2017-09-21,25.0,16.6,1,2630.0
2017-09-22,27.6,18.5,0,2790.0
2017-09-25,28.7,17.9,0,2800.0
2017-09-26,31.7,19.7,0,2770.0
2017-09-27,24.6,20.2,1,2740.0
2017-09-28,25.2,16.9,0,2720.0
2017-09-29,23.5,15.3,0,2770.0
2017-10-10,28.4,18.3,0,2740.0
2017-10-11,26.1,16.3,1,2720.0
2017-10-12,17.3,14.5,1,2600.0
2017-10-13,19.5,12.2,0,2600.0
2017-10-16,19.0,15.4,1,2600.0
2017-10-17,21.4,16.0,0,2530.0
2017-10-18,20.4,16.9,0,2500.0
2017-10-19,19.8,14.8,0,2380.0
2017-10-20,22.0,14.6,0,2340.0
2017-10-23,21.2,11.6,0,2290.0
2017-10-24,21.6,11.3,0,2080.0
2017-10-25,19.9,11.7,0,2050.0
2017-10-26,21.7,11.4,0,2030.0
2017-10-27,21.4,13.2,0,1880.0
2017-10-30,16.0,7.8,0,1520.0
2017-10-31,17.1,8.3,0,1470.0
2017-11-01,18.1,8.4,0,1360.0
2017-11-02,19.5,9.1,0,1360.0
2017-11-03,20.4,9.9,0,1350.0
2017-11-06,20.8,6.9,0,1350.0
2017-11-07,23.4,12.4,0,1350.0
2017-11-08,19.7,8.5,0,1380.0
2017-11-09,20.0,8.0,0,1370.0
2017-11-10,22.9,10.4,0,1350.0
2017-11-13,19.1,6.3,0,1280.0
2017-11-14,17.0,7.8,0,1270.0
2017-11-15,14.7,5.5,0,1210.0
2017-11-16,14.7,6.2,0,1220.0
2017-11-17,14.7,4.4,1,1220.0
2017-11-20,12.3,5.4,1,1250.0
2017-11-21,13.3,4.9,0,1240.0
2017-11-22,12.2,9.0,0,1200.0
2017-11-23,11.3,6.6,0,1200.0
2017-11-24,13.4,5.3,0,1200.0
2017-11-27,13.0,3.7,0,1150.0
2017-11-28,17.1,3.3,1,1150.0
2017-11-29,13.9,7.3,1,1150.0
2017-11-30,10.1,3.0,0,1130.0
2017-12-04,10.3,4.3,0,1070.0
2017-12-05,5.7,1.6,1,1010.0
2017-12-06,12.1,4.0,0,960.0
2017-12-07,12.8,5.2,1,960.0
2017-12-08,5.8,2.7,0,930.0
2017-12-11,8.6,1.5,0,930.0
2017-12-12,2.8,0.3,1,930.0
2017-12-13,4.0,0.1,0,930.0
2017-12-14,7.2,-0.8,0,910.0
2017-12-15,10.3,0.2,0,910.0
2017-12-18,7.7,3.7,0,900.0
2017-12-19,7.9,2.3,0,900.0
2017-12-20,10.1,2.3,0,900.0
2017-12-21,11.1,1.8,0,890.0
2017-12-22,13.2,1.2,0,890.0
2017-12-26,9.6,2.4,0,890.0
2017-12-27,6.6,-0.2,0,890.0
2017-12-28,7.3,-0.4,0,890.0
2017-12-29,13.0,2.0,0,890.0
2018-01-02,11.1,1.9,0,890.0
2018-01-03,7.1,1.9,0,860.0
2018-01-04,4.4,0.8,1,860.0
2018-01-05,4.9,0.3,1,860.0
2018-01-08,10.0,4.6,1,860.0
2018-01-09,5.5,1.4,0,860.0
2018-01-10,4.4,-1.7,1,860.0
2018-01-11,1.3,-3.4,1,860.0
2018-01-12,1.0,-3.8,1,880.0
2018-01-15,15.4,5.1,0,890.0
2018-01-16,15.7,7.2,1,890.0
2018-01-17,11.3,6.7,1,910.0
2018-01-18,11.4,2.2,0,930.0
2018-01-19,10.8,0.8,0,980.0
2018-01-22,11.4,5.5,1,960.0
2018-01-23,6.0,-1.4,0,960.0
2018-01-24,0.4,-4.2,1,970.0
2018-01-25,-2.5,-3.6,0,970.0
2018-01-26,-1.7,-3.5,0,970.0
2018-01-29,3.9,-1.8,0,970.0
2018-01-30,6.4,-1.7,1,970.0
2018-01-31,4.9,-0.1,1,970.0
2018-02-01,7.3,0.5,0,970.0
2018-02-02,6.4,-2.1,0,970.0
2018-02-05,3.7,-3.2,1,1080.0
2018-02-06,2.1,-3.2,1,1100.0
2018-02-07,5.5,-2.8,1,1180.0
2018-02-08,11.9,-3.7,1,1200.0
2018-02-09,12.2,-1.2,0,1230.0
2018-02-12,3.6,-1.2,0,1270.0
2018-02-13,8.7,0.1,0,1290.0
2018-02-14,14.6,0.3,0,1300.0
2018-02-19,9.8,3.9,1,1270.0
2018-02-20,13.3,1.6,0,1230.0
2018-02-21,6.5,0.6,0,1200.0
2018-02-22,8.1,-0.8,0,1180.0
2018-02-23,14.0,0.8,0,1170.0
2018-02-26,13.2,-0.2,0,1170.0
2018-02-27,16.2,1.0,0,1170.0
2018-02-28,15.9,5.3,1,1170.0
2018-03-02,10.5,0.3,0,1170.0
2018-03-05,19.6,6.7,1,1140.0
2018-03-06,11.4,6.1,0,1180.0
2018-03-07,11.3,7.2,1,1190.0
2018-03-08,7.4,3.6,1,1190.0
2018-03-09,7.8,0.9,0,1190.0
2018-03-12,17.0,2.6,0,1090.0
2018-03-13,21.3,4.9,0,1090.0
2018-03-14,24.2,10.0,0,1080.0
2018-03-15,19.6,11.0,1,1080.0
2018-03-16,11.4,6.9,1,1010.0
2018-03-19,17.1,9.0,1,980.0
2018-03-20,9.3,4.5,1,980.0
2018-03-21,4.9,1.8,1,1000.0
2018-03-22,10.4,2.6,1,1000.0
2018-03-23,12.8,1.0,0,1000.0
2018-03-26,18.8,6.6,0,980.0
2018-03-27,20.8,6.7,0,980.0
2018-03-28,20.8,6.7,0,980.0
2018-03-29,21.6,7.4,0,980.0
2018-03-30,20.2,9.5,0,980.0
2018-04-02,23.6,13.3,0,990.0
2018-04-03,25.7,12.5,0,990.0
2018-04-04,22.9,14.6,0,1000.0
2018-04-05,23.5,11.6,0,1170.0
2018-04-06,18.2,6.6,1,1210.0
2018-04-09,19.5,8.8,0,1230.0
2018-04-10,22.3,11.1,0,1250.0
2018-04-11,24.1,9.7,0,1250.0
2018-04-12,25.6,9.9,0,1250.0
2018-04-13,21.4,12.5,0,1250.0
2018-04-16,15.4,4.9,0,1230.0
2018-04-17,18.8,8.6,0,1230.0
2018-04-18,18.3,4.2,0,1220.0
2018-04-19,22.1,3.7,0,1220.0
2018-04-20,23.1,6.6,0,1230.0
2018-04-23,22.7,15.6,1,1240.0
2018-04-24,17.8,12.1,1,1350.0
2018-04-25,18.1,10.4,1,1390.0
2018-04-26,20.7,9.0,0,1390.0
2018-04-27,21.2,9.9,0,1390.0
2018-04-30,26.2,15.3,1,1420.0
2018-05-02,22.5,11.2,1,1510.0
2018-05-03,18.8,8.2,0,1580.0
2018-05-04,20.3,8.0,0,1590.0
2018-05-08,18.3,13.1,0,1600.0
2018-05-09,20.9,12.6,0,1590.0
2018-05-10,20.8,10.3,0,1620.0
2018-05-11,23.1,8.2,0,1680.0
2018-05-14,26.6,11.9,0,1660.0
2018-05-15,31.0,14.3,0,1580.0
2018-05-16,28.4,23.7,0,1570.0
2018-05-17,28.7,22.9,0,1570.0
2018-05-18,29.1,15.5,1,1590.0
2018-05-21,22.6,14.4,0,1560.0
2018-05-23,22.9,10.8,1,1550.0
2018-05-24,27.1,9.0,0,1550.0
2018-05-25,25.5,14.6,1,1530.0
2018-05-28,24.5,17.1,1,1510.0
2018-05-29,26.5,17.5,0,1510.0
2018-05-30,27.1,18.1,0,1510.0
2018-05-31,23.6,13.1,0,1490.0
2018-06-01,25.5,11.7,0,1490.0
2018-06-04,27.2,15.4,0,1450.0
2018-06-05,23.5,18.0,1,1440.0
2018-06-07,26.2,15.5,0,1450.0
2018-06-08,24.7,16.2,0,1450.0
2018-06-11,22.6,16.9,1,1510.0
2018-06-12,24.6,15.7,1,1510.0
2018-06-14,17.6,15.3,0,1510.0
2018-06-15,25.4,17.3,0,1550.0
2018-06-18,26.6,16.8,0,1600.0
2018-06-19,25.9,19.0,1,1690.0
2018-06-20,25.9,18.7,1,1680.0
2018-06-21,28.7,17.3,0,1690.0
2018-06-22,27.6,15.7,1,1690.0
2018-06-25,28.4,16.6,0,1690.0
2018-06-26,0.0,0.0,0,1710.0
2018-06-27,28.6,23.0,1,1740.0
2018-06-28,27.1,22.4,1,1750.0
2018-06-29,29.7,21.8,1,1800.0
2018-07-02,31.2,22.6,1,1910.0
2018-07-03,25.1,21.8,1,1940.0
2018-07-04,30.6,22.9,0,1940.0
2018-07-05,26.8,22.5,0,1920.0
2018-07-06,23.9,20.0,1,1940.0
2018-07-09,31.9,21.0,0,1950.0
2018-07-10,34.0,22.0,0,1930.0
2018-07-11,34.1,25.2,0,1930.0
2018-07-12,32.1,23.4,0,1930.0
2018-07-13,31.2,23.1,0,1930.0
2018-07-16,31.7,21.9,0,1930.0
2018-07-17,32.6,22.9,0,1950.0
2018-07-18,32.7,22.0,0,1950.0
2018-07-19,32.6,22.0,0,1930.0
2018-07-20,34.5,22.6,0,1930.0
2018-07-23,33.8,25.1,0,1900.0
2018-07-24,33.8,24.2,0,1900.0
2018-07-25,34.6,24.5,0,1900.0
2018-07-26,33.0,24.0,0,1900.0
2018-07-27,33.3,24.1,0,1900.0
2018-07-30,31.1,24.8,0,1870.0
2018-07-31,33.0,25.3,0,1890.0
2018-08-01,33.2,24.6,0,1890.0
2018-08-02,34.7,24.9,0,1890.0
2018-08-03,34.5,26.0,1,1880.0
2018-08-06,33.0,24.9,0,1880.0
2018-08-07,34.4,25.0,0,1880.0
2018-08-08,33.6,25.2,0,1930.0
2018-08-09,33.3,25.0,0,2020.0
2018-08-10,34.5,24.2,0,2100.0
2018-08-13,36.3,26.6,1,2230.0
2018-08-14,36.1,25.5,0,2270.0
2018-08-16,28.3,24.5,1,2270.0
2018-08-17,28.1,23.1,1,2320.0
2018-08-20,33.0,24.0,0,2450.0
2018-08-21,32.0,22.7,0,2480.0
2018-08-22,31.3,24.1,1,2480.0
2018-08-23,26.6,23.5,1,2640.0
2018-08-24,29.7,23.1,1,2730.0
2018-08-27,32.1,25.5,1,2790.0
2018-08-28,32.1,23.3,0,3000.0
2018-08-29,33.0,21.9,0,3050.0
2018-08-30,33.1,25.2,1,3050.0
2018-08-31,32.5,26.4,0,3090.0
2018-09-03,30.5,23.2,1,3250.0
2018-09-04,28.7,20.9,1,3230.0
2018-09-05,29.6,20.6,0,3230.0
2018-09-06,28.3,22.1,0,3230.0
2018-09-07,26.7,19.6,1,3190.0
2018-09-10,26.3,17.7,0,3300.0
2018-09-11,24.5,19.7,0,3330.0
2018-09-12,25.3,19.8,0,3330.0
2018-09-13,23.8,20.3,1,3320.0
2018-09-14,30.7,22.0,1,3290.0
2018-09-17,29.8,20.7,1,3390.0
2018-09-18,29.6,20.2,0,3490.0
2018-09-19,25.4,19.3,1,3490.0
2018-09-20,27.0,21.2,1,3520.0
2018-09-21,27.7,21.0,1,3520.0
2018-09-27,24.5,17.6,0,3670.0
2018-09-28,25.2,17.8,0,3620.0
2018-10-01,23.4,16.3,0,3460.0
2018-10-02,24.1,13.8,0,3370.0
2018-10-04,22.7,15.8,1,3350.0
2018-10-05,22.9,18.7,1,2960.0
2018-10-08,23.1,13.7,0,2920.0
2018-10-10,19.1,13.9,0,2780.0
2018-10-11,19.1,10.9,0,2680.0
2018-10-12,19.3,10.9,0,2660.0
2018-10-15,22.2,14.4,0,2680.0
2018-10-16,18.8,10.2,1,2620.0
2018-10-17,20.9,10.7,0,2640.0
2018-10-18,20.2,11.3,0,2680.0
2018-10-19,20.1,9.0,0,2690.0
2018-10-22,22.0,10.5,0,2710.0
2018-10-23,22.9,12.8,0,2800.0
2018-10-24,20.0,10.9,0,2810.0
2018-10-25,22.5,9.6,0,2780.0
2018-10-26,21.4,13.6,1,2720.0
2018-10-29,21.9,10.6,0,2720.0
2018-10-30,17.9,8.7,0,2740.0
2018-10-31,18.3,8.6,0,2840.0
2018-11-01,17.0,8.4,0,2820.0
2018-11-02,20.2,9.0,0,2820.0
2018-11-05,20.2,6.6,0,2800.0
2018-11-06,20.5,9.9,0,2820.0
2018-11-07,18.1,13.9,0,2820.0
2018-11-08,21.6,13.7,1,2820.0
2018-11-09,17.4,9.6,0,2820.0
2018-11-12,16.4,11.2,1,2800.0
2018-11-13,16.5,8.7,0,2770.0
2018-11-14,17.1,7.7,0,2780.0
2018-11-15,20.6,7.8,0,2750.0
2018-11-16,15.7,11.8,1,2650.0
2018-11-19,16.0,7.3,0,2550.0
2018-11-20,16.9,5.9,0,2550.0
2018-11-21,17.2,6.2,1,2510.0
2018-11-22,11.8,4.9,0,2450.0
2018-11-23,13.2,3.4,0,2350.0
2018-11-26,18.0,8.6,0,2320.0
2018-11-27,18.4,8.4,0,2280.0
2018-11-28,17.1,6.1,0,2200.0
2018-11-29,19.5,5.3,0,2160.0
2018-11-30,18.7,6.4,0,2130.0
2018-12-03,25.4,15.9,1,2040.0
2018-12-04,18.7,8.9,1,1920.0
2018-12-05,12.2,5.1,0,1810.0
2018-12-06,10.4,6.6,1,1790.0
2018-12-10,10.6,3.1,0,1730.0
2018-12-11,8.5,4.4,1,1730.0
2018-12-12,7.3,3.9,1,1730.0
2018-12-13,8.5,4.3,0,1570.0
2018-12-14,5.4,1.4,0,1520.0
2018-12-17,12.0,7.6,0,1510.0
2018-12-18,12.5,4.2,0,1520.0
2018-12-19,17.4,7.4,0,1530.0
2018-12-20,14.9,10.1,1,1580.0
2018-12-21,17.3,9.2,0,1560.0
2018-12-24,9.8,0.6,0,1540.0
2018-12-26,8.6,4.8,1,1510.0
2018-12-27,4.9,-0.1,0,1460.0
2018-12-28,1.8,-1.5,0,1440.0
2018-12-31,4.1,1.5,0,1450.0
2019-01-02,5.0,3.0,0,1450.0
2019-01-03,8.1,1.6,0,1420.0
2019-01-04,9.6,-0.4,1,1400.0
2019-01-07,9.2,0.5,0,1370.0
2019-01-08,8.3,3.0,0,1370.0
2019-01-09,5.9,0.6,0,1340.0
2019-01-10,7.5,2.7,0,1320.0
2019-01-11,8.0,3.9,1,1320.0
2019-01-14,10.6,2.5,0,1290.0
2019-01-15,11.4,1.3,0,1210.0
2019-01-16,3.4,0.6,0,1250.0
2019-01-17,6.4,2.4,0,1250.0
2019-01-18,10.9,1.4,0,1190.0
2019-01-21,8.5,2.0,0,1190.0
2019-01-22,11.3,1.7,0,1190.0
2019-01-23,12.7,2.2,0,1150.0
2019-01-24,10.6,-0.9,0,1150.0
2019-01-25,11.0,-0.5,0,1130.0
2019-01-28,10.3,1.7,0,1160.0
2019-01-29,10.1,0.5,0,1160.0
2019-01-30,11.9,5.1,0,1180.0
2019-01-31,6.1,1.5,1,1200.0
2019-02-01,7.0,1.7,0,1200.0
2019-02-07,11.9,-0.3,1,1200.0
2019-02-08,6.5,-0.5,0,1160.0
2019-02-11,3.5,0.6,0,1100.0
2019-02-12,9.2,-0.5,0,1070.0
2019-02-13,8.9,1.5,0,1070.0
2019-02-14,8.4,-0.2,0,1060.0
2019-02-15,6.8,0.2,1,1060.0
2019-02-18,8.9,-0.8,1,1080.0
2019-02-19,12.8,2.5,1,1050.0
2019-02-20,10.0,1.6,0,1050.0
2019-02-21,9.4,4.1,0,1050.0
2019-02-22,10.4,4.3,1,1070.0
2019-02-25,13.7,2.6,0,1030.0
2019-02-26,13.1,0.9,0,1030.0
2019-02-27,11.5,6.6,1,1050.0
2019-02-28,14.2,3.2,0,1020.0
2019-03-04,12.7,2.6,1,1000.0
2019-03-05,14.0,2.2,1,970.0
2019-03-06,13.4,6.5,1,1000.0
2019-03-07,10.0,3.6,0,970.0
2019-03-08,14.1,0.3,0,970.0
2019-03-11,14.0,2.0,1,1010.0
2019-03-12,15.0,1.8,0,1000.0
2019-03-13,12.0,0.1,0,1000.0
2019-03-14,15.3,3.0,0,940.0
2019-03-15,15.0,4.2,0,930.0
2019-03-18,15.2,3.3,1,930.0
2019-03-19,16.9,4.8,0,970.0
2019-03-20,18.2,5.3,1,880.0
2019-03-21,17.6,5.7,0,890.0
2019-03-22,10.6,3.0,0,940.0
2019-03-25,12.5,2.7,0,1010.0
2019-03-26,18.6,7.8,0,1020.0
2019-03-27,20.4,12.4,0,1040.0
2019-03-28,17.4,11.3,0,1040.0
2019-03-29,21.1,8.4,0,1040.0
2019-04-01,12.9,4.5,0,1060.0
2019-04-02,14.3,4.7,0,1040.0
2019-04-03,14.8,2.7,0,1080.0
2019-04-04,15.4,0.4,0,1090.0
2019-04-05,18.8,9.7,0,1140.0
2019-04-08,19.1,9.1,0,1130.0
2019-04-09,20.7,9.0,1,1150.0
2019-04-10,14.0,7.9,1,1110.0
2019-04-11,12.3,8.1,0,1100.0
2019-04-12,16.7,5.3,0,1130.0
2019-04-15,17.5,4.4,0,1140.0
2019-04-16,23.0,5.5,0,1150.0
2019-04-17,19.7,8.9,0,1150.0
2019-04-18,25.1,7.5,0,1150.0
2019-04-19,23.0,9.9,0,1170.0
2019-04-22,26.5,13.7,0,1230.0
2019-04-23,26.7,15.7,1,1440.0
2019-04-24,20.1,14.4,0,1500.0
2019-04-25,19.2,13.1,0,1570.0
2019-04-26,14.1,9.5,1,1590.0
2019-04-29,20.2,13.0,1,1590.0
2019-04-30,18.3,13.2,0,1570.0
2019-05-02,22.1,6.7,0,1500.0
2019-05-03,24.2,9.6,0,1480.0
2019-05-07,20.1,8.3,0,1430.0
2019-05-08,21.4,6.4,0,1390.0
2019-05-09,21.6,10.4,0,1360.0
2019-05-10,24.2,9.1,0,1360.0
2019-05-13,24.5,13.6,0,1340.0
2019-05-14,24.8,15.9,0,1340.0
2019-05-15,27.0,13.4,0,1340.0
2019-05-16,28.0,15.0,0,1320.0
2019-05-17,26.0,16.3,1,1340.0
2019-05-20,19.4,10.6,1,1340.0
2019-05-21,28.0,9.2,0,1340.0
2019-05-22,27.0,17.4,0,1340.0
2019-05-23,29.7,20.2,0,1320.0
2019-05-24,31.8,22.9,0,1320.0
2019-05-27,22.3,14.2,1,1330.0
2019-05-28,22.2,12.0,1,1310.0
2019-05-29,28.7,13.9,0,1300.0
2019-05-30,28.8,14.5,0,1300.0
2019-05-31,21.4,13.3,1,1300.0
2019-06-03,27.8,13.6,0,1260.0
2019-06-04,30.4,15.6,0,1280.0
2019-06-05,27.4,17.7,0,1280.0
2019-06-07,23.3,16.9,1,1300.0
2019-06-10,24.7,14.0,0,1300.0
2019-06-11,26.5,14.5,1,1300.0
2019-06-12,24.4,13.9,0,1370.0
2019-06-13,26.6,14.4,0,1430.0
2019-06-14,21.4,16.1,1,1430.0
2019-06-17,25.8,14.6,0,1430.0
2019-06-18,24.5,18.2,1,1430.0
2019-06-19,25.3,17.9,0,1410.0
2019-06-20,27.5,16.7,0,1380.0
2019-06-21,27.3,17.7,0,1380.0
2019-06-24,25.5,15.7,0,1380.0
2019-06-25,30.9,16.7,0,1380.0
2019-06-26,26.3,18.2,1,1310.0
2019-06-27,26.1,19.9,1,1310.0
2019-06-28,28.0,18.0,0,1310.0
2019-07-01,27.6,20.2,1,1310.0
2019-07-02,27.0,-40.0,0,1280.0
2019-07-03,26.1,18.8,0,1310.0
2019-07-04,28.0,16.7,0,1310.0
2019-07-05,29.3,17.6,0,1310.0
2019-07-08,23.7,19.7,1,1290.0
2019-07-09,23.8,19.8,1,1290.0
2019-07-10,21.8,19.5,1,1290.0
2019-07-11,25.1,19.6,1,1290.0
2019-07-12,27.5,19.3,1,1290.0
2019-07-15,28.4,18.7,0,1300.0
2019-07-16,29.9,19.6,0,1280.0
2019-07-17,30.6,19.4,1,1280.0
2019-07-18,27.5,22.0,1,1200.0
2019-07-19,26.2,22.3,1,1200.0
2019-07-22,33.4,23.4,1,1220.0
2019-07-23,31.6,23.6,0,1170.0
2019-07-24,31.4,25.9,0,1180.0
2019-07-25,33.0,24.9,0,1140.0
2019-07-26,32.9,24.3,0,1140.0
2019-07-29,32.7,23.6,0,1150.0
2019-07-30,33.6,27.2,0,1150.0
2019-07-31,34.2,25.6,0,1160.0
2019-08-01,33.2,24.1,0,1160.0
2019-08-02,33.0,23.9,0,1180.0
2019-08-05,32.7,22.6,0,1150.0
2019-08-06,33.7,24.7,0,1130.0
2019-08-07,32.7,24.1,0,1140.0
2019-08-08,33.2,25.4,0,1140.0
2019-08-09,34.3,23.9,1,1140.0
2019-08-12,33.0,25.9,1,1220.0
2019-08-13,33.1,24.2,0,1210.0
2019-08-14,31.1,25.1,1,1210.0
2019-08-16,30.5,23.8,1,1270.0
2019-08-19,29.8,21.0,0,1310.0
2019-08-20,31.0,22.8,1,1310.0
2019-08-21,0.0,0.0,0,1300.0
2019-08-22,0.0,0.0,0,1350.0
2019-08-23,0.0,0.0,0,1350.0
2019-08-26,0.0,0.0,0,1350.0
2019-08-27,0.0,0.0,0,1350.0
2019-08-28,0.0,0.0,0,1300.0
2019-08-29,0.0,0.0,0,1280.0
2019-08-30,28.9,19.5,0,1270.0
2019-09-02,29.6,20.7,1,1300.0
2019-09-03,28.0,20.9,1,1390.0
2019-09-04,28.6,21.6,1,1520.0
2019-09-05,31.9,21.4,1,1570.0
2019-09-06,28.1,22.3,1,1570.0
2019-09-09,31.7,22.7,1,1570.0
2019-09-10,32.6,23.3,0,1650.0
2019-09-11,31.1,22.5,1,1750.0
2019-09-16,28.4,20.4,0,1620.0
2019-09-17,26.4,19.5,0,1620.0
2019-09-18,27.9,16.1,0,1540.0
2019-09-19,26.7,16.2,0,1500.0
2019-09-20,26.2,19.0,0,1500.0
2019-09-23,25.3,15.4,0,1640.0
2019-09-24,25.8,14.5,0,1640.0
2019-09-25,26.4,15.2,0,1620.0
2019-09-26,27.9,18.6,1,1660.0
2019-09-27,27.6,18.1,1,1620.0
2019-09-30,28.4,19.9,1,1670.0
2019-10-01,25.9,19.5,1,1690.0
2019-10-02,27.9,19.6,1,1700.0
2019-10-04,26.9,18.1,0,1840.0
2019-10-07,24.0,16.9,0,2020.0
2019-10-08,24.0,13.3,0,2160.0
2019-10-10,12.2,10.3,0,2250.0
2019-10-11,0.0,0.0,0,2250.0
2019-10-14,0.0,0.0,0,2290.0
2019-10-15,21.4,12.9,0,2370.0
2019-10-16,22.3,14.3,0,2370.0
2019-10-17,22.9,14.3,0,2390.0
2019-10-18,18.7,16.7,1,2490.0
2019-10-21,23.2,15.5,0,2750.0
2019-10-22,23.4,16.2,0,2800.0
2019-10-23,22.0,17.7,0,2820.0
2019-10-24,23.2,14.3,1,2820.0
2019-10-25,24.2,13.7,0,2820.0
2019-10-28,20.8,9.7,0,2800.0
2019-10-29,21.2,10.1,0,2760.0
2019-10-30,20.1,10.0,0,2780.0
2019-10-31,22.3,8.6,0,2760.0
2019-11-01,23.8,10.3,0,2760.0
2019-11-04,22.7,10.1,0,2740.0
2019-11-05,21.2,10.9,0,2680.0
2019-11-06,21.0,9.5,0,2590.0
2019-11-07,19.3,10.8,0,2610.0
2019-11-08,18.1,7.8,0,2590.0
2019-11-11,20.1,11.5,0,2620.0
2019-11-12,19.1,8.5,0,2620.0
2019-11-13,18.7,8.0,1,2590.0
2019-11-14,13.6,3.1,0,2590.0
2019-11-15,19.1,3.1,0,2440.0
2019-11-18,21.2,9.5,1,2520.0
2019-11-19,11.3,7.9,0,2520.0
2019-11-20,13.1,5.9,0,2420.0
2019-11-21,17.2,6.5,0,2370.0
2019-11-22,22.3,7.9,0,2370.0
2019-11-25,11.9,7.3,0,2370.0
2019-11-26,15.1,8.4,1,2370.0
2019-11-27,13.1,6.5,1,2370.0
2019-11-28,12.1,6.6,0,2310.0
2019-11-29,12.6,5.2,0,2310.0
2019-12-02,10.8,6.2,0,2220.0
2019-12-03,9.6,5.9,0,2220.0
2019-12-04,14.6,4.9,0,2220.0
2019-12-05,10.6,4.3,0,2220.0
2019-12-09,15.3,3.8,0,2200.0
2019-12-10,18.7,9.5,0,2200.0
2019-12-11,17.8,7.8,0,2200.0
2019-12-12,11.2,3.0,0,2170.0
2019-12-13,14.1,2.2,0,2070.0
2019-12-16,19.3,6.6,1,2070.0
2019-12-17,17.0,8.9,1,2050.0
2019-12-18,11.2,5.7,0,2050.0
2019-12-19,8.0,5.3,0,2050.0
2019-12-20,10.4,3.7,0,2050.0
2019-12-23,12.3,3.0,0,1990.0
2019-12-24,13.2,3.8,0,1970.0
2019-12-26,12.3,4.9,1,2050.0
2019-12-27,6.1,4.0,0,2050.0
2019-12-30,13.8,4.7,0,2050.0
2019-12-31,4.7,0.3,0,2050.0
2020-01-02,9.7,3.4,0,2040.0
2020-01-03,10.8,3.4,0,2070.0
2020-01-06,17.3,7.7,1,2120.0
2020-01-07,20.4,11.4,1,2120.0
2020-01-08,11.6,5.3,1,2110.0
2020-01-09,7.4,4.3,0,2050.0
2020-01-10,12.6,2.0,0,1990.0
2020-01-13,8.6,4.1,0,2030.0
2020-01-14,5.8,1.5,1,2030.0
2020-01-15,8.4,2.1,0,2030.0
2020-01-16,8.9,2.2,0,2010.0
2020-01-17,10.1,3.3,0,2010.0
2020-01-20,11.0,4.6,0,1970.0
2020-01-21,10.8,1.2,0,1970.0
2020-01-22,13.4,6.8,1,1930.0
2020-01-23,12.5,8.1,1,1930.0
2020-01-28,9.6,7.3,0,1900.0
2020-01-29,10.7,4.6,1,1830.0
2020-01-30,8.2,5.1,1,1830.0
2020-01-31,7.4,2.1,0,1830.0
2020-02-03,9.7,1.3,1,1830.0
2020-02-04,9.7,-0.6,0,1730.0
2020-02-05,6.0,-0.8,0,1700.0
2020-02-06,6.3,-2.0,0,1680.0
2020-02-07,9.2,2.1,0,1500.0
2020-02-10,14.9,1.4,0,1500.0
2020-02-11,14.8,3.0,0,1570.0
2020-02-12,15.5,9.7,1,1550.0
2020-02-13,15.5,8.7,0,1540.0
2020-02-14,18.8,8.4,0,1500.0
2020-02-17,2.3,-1.5,1,1520.0
2020-02-18,8.4,-0.2,1,1530.0
2020-02-19,11.9,0.9,0,1540.0
2020-02-20,14.6,3.3,0,1540.0
2020-02-21,17.7,2.4,0,1550.0
2020-02-24,17.2,0.4,0,1525.0
2020-02-25,19.3,9.9,0,1525.0
2020-02-26,11.7,6.3,1,1488.0
2020-02-27,14.0,3.1,0,1488.0
2020-02-28,11.2,4.3,1,1488.0
2020-03-02,10.7,3.2,1,1575.0
2020-03-03,13.7,3.9,0,1613.0
2020-03-04,11.1,3.4,0,1638.0
2020-03-05,9.7,0.3,0,1675.0
2020-03-06,12.3,0.0,0,1650.0
2020-03-09,13.6,5.8,1,1620.0
2020-03-10,12.2,5.6,1,1620.0
2020-03-11,11.5,2.5,0,1680.0
2020-03-12,15.0,1.7,0,1850.0
2020-03-13,15.2,6.1,0,1990.0
2020-03-16,11.0,2.4,0,2140.0
2020-03-17,18.5,4.9,0,2210.0
2020-03-18,19.8,5.3,0,2270.0
2020-03-19,19.6,7.4,0,2250.0
2020-03-20,16.8,2.9,0,2300.0
2020-03-23,17.8,5.9,0,2380.0
2020-03-24,17.3,3.6,0,2380.0
2020-03-25,21.0,6.0,0,2380.0
2020-03-26,21.1,13.1,1,2620.0
2020-03-27,18.9,6.5,1,2730.0
2020-03-30,17.3,9.2,0,3120.0
2020-03-31,17.9,8.0,1,3200.0
2020-04-01,14.8,6.5,1,3240.0
2020-04-02,16.3,5.1,0,3270.0
2020-04-03,16.6,6.0,0,3220.0
2020-04-06,15.1,1.2,0,2950.0
2020-04-07,18.4,4.4,0,2810.0
2020-04-08,18.1,5.7,0,2830.0
2020-04-09,16.6,4.5,0,2750.0
2020-04-10,16.5,6.5,0,2730.0
2020-04-13,13.6,5.6,1,2660.0
2020-04-14,17.7,3.1,0,2530.0
2020-04-16,22.2,5.6,0,2530.0
2020-04-17,19.5,10.2,1,2540.0
2020-04-20,17.6,9.9,1,2550.0
2020-04-21,15.8,7.9,0,2530.0
2020-04-22,14.1,4.1,0,2530.0
2020-04-23,14.0,6.3,0,2520.0
2020-04-24,16.5,4.4,0,2530.0
2020-04-27,18.5,7.0,0,2530.0
2020-04-28,20.3,4.9,0,2530.0
2020-04-29,21.2,8.0,0,2500.0
2020-05-04,24.3,13.2,0,2450.0
2020-05-06,25.3,14.2,0,2290.0
2020-05-07,23.9,13.3,0,2200.0
2020-05-08,26.4,9.8,0,2140.0
2020-05-11,25.0,10.5,0,2010.0
2020-05-12,23.9,10.7,0,1990.0
2020-05-13,21.2,8.6,0,1990.0
2020-05-14,26.3,10.6,0,1970.0
2020-05-15,25.0,18.6,1,1970.0
2020-05-18,29.4,12.2,1,1970.0
2020-05-19,19.8,11.7,0,1960.0
2020-05-20,21.1,9.2,0,1930.0
2020-05-21,26.2,10.0,0,1810.0
2020-05-22,26.9,12.3,0,1660.0
2020-05-25,21.9,13.9,0,1650.0
2020-05-26,22.3,14.1,0,1630.0
2020-05-27,22.1,11.5,0,1550.0
2020-05-28,25.2,10.9,0,1550.0
2020-05-29,24.3,10.3,0,1560.0
2020-06-01,23.2,10.9,1,1590.0
2020-06-02,26.3,9.7,0,1590.0
2020-06-03,28.2,17.4,0,1580.0
2020-06-04,27.6,16.3,0,1620.0
2020-06-05,28.2,16.0,0,1610.0
2020-06-08,31.2,15.1,0,1600.0
2020-06-09,30.9,17.0,0,1600.0
2020-06-10,29.5,19.8,1,1600.0
2020-06-11,28.0,20.9,0,1610.0
2020-06-12,27.3,20.1,0,1610.0
2020-06-15,28.0,18.7,0,1610.0
2020-06-16,28.5,18.8,0,1610.0
2020-06-17,24.8,19.0,1,1570.0
2020-06-18,24.2,17.4,1,1570.0
2020-06-19,24.9,17.6,1,1580.0
2020-06-22,29.2,15.4,0,1576.0
2020-06-23,29.3,18.2,0,1576.0
2020-06-24,27.0,21.4,1,1613.0
2020-06-25,24.7,19.9,1,1613.0
2020-06-26,27.3,18.4,0,1623.0
2020-06-29,26.2,17.5,1,1623.0
2020-06-30,22.8,18.8,1,1826.0
2020-07-01,26.7,17.6,0,1826.0
2020-07-02,26.6,16.2,0,1826.0
2020-07-03,25.5,19.1,1,1826.0
2020-07-06,27.7,20.4,1,1836.0
2020-07-07,27.3,19.9,1,1836.0
2020-07-08,27.6,19.5,1,1943.0
2020-07-09,30.0,19.1,1,1950.0
2020-07-10,28.5,21.8,1,1950.0
2020-07-13,28.3,20.9,1,1940.0
2020-07-14,23.4,19.0,1,1950.0
2020-07-15,24.6,17.0,0,1950.0
2020-07-16,27.5,16.6,0,1950.0
2020-07-17,27.9,16.6,0,1950.0
2020-07-20,29.7,24.4,1,1950.0
2020-07-21,28.8,21.8,1,1950.0
2020-07-22,29.4,24.0,1,1950.0
2020-07-23,28.8,22.4,1,1950.0
2020-07-24,22.8,19.9,1,1950.0
2020-07-27,26.9,21.0,1,1960.0
2020-07-28,31.7,25.2,1,1960.0
2020-07-29,33.2,24.7,0,1990.0
2020-07-30,33.7,24.0,0,2013.0
2020-07-31,32.8,22.5,0,2013.0
2020-08-03,33.9,26.1,0,2013.0
2020-08-04,35.1,25.1,0,2013.0
2020-08-05,32.4,25.5,1,2013.0
2020-08-06,30.8,26.9,0,2089.0
2020-08-07,30.5,27.2,0,2109.0
2020-08-10,31.6,26.2,1,2109.0
2020-08-11,32.0,27.1,1,2059.0
2020-08-12,32.4,27.3,1,2059.0
2020-08-13,33.7,26.5,0,2042.0
2020-08-14,34.8,27.2,0,2042.0
2020-08-18,33.2,23.4,0,2068.0
2020-08-19,33.6,23.0,0,2068.0
2020-08-20,32.6,22.3,0,2048.0
2020-08-21,32.2,21.4,1,2048.0
2020-08-24,35.4,23.1,0,2122.0
2020-08-25,34.7,25.1,1,2177.0
2020-08-26,29.7,24.0,1,2152.0
2020-08-27,33.0,26.4,0,2212.0
2020-08-28,33.6,24.9,1,2312.0
2020-08-31,32.9,23.0,0,2568.0
2020-09-01,29.3,24.0,0,2668.0
2020-09-02,27.1,21.9,1,2688.0
2020-09-03,27.9,21.4,0,2728.0
2020-09-04,30.2,19.7,0,2805.0
2020-09-07,25.1,19.8,1,2785.0
2020-09-08,32.5,22.2,0,3055.0
2020-09-09,29.6,22.5,0,3055.0
2020-09-10,28.8,19.6,1,3295.0
2020-09-11,26.4,18.9,1,3229.0
2020-09-14,26.8,18.8,0,3329.0
2020-09-15,27.0,18.2,0,3389.0
2020-09-16,26.9,20.0,1,3559.0
2020-09-17,21.8,17.5,1,3609.0
2020-09-18,23.2,15.7,1,3619.0
2020-09-21,25.9,15.0,0,3639.0
2020-09-22,23.9,17.9,0,3649.0
2020-09-23,22.5,18.2,1,3669.0
2020-09-24,21.6,19.1,0,3729.0
2020-09-25,26.8,18.0,0,3709.0
2020-09-28,24.2,17.6,0,3759.0
2020-09-29,25.3,16.6,0,3772.0
2020-10-05,21.3,15.0,0,3772.0
2020-10-06,21.5,14.1,0,3759.0
2020-10-07,22.5,14.5,0,3685.0
2020-10-08,22.6,16.7,0,3649.0
2020-10-12,24.1,14.3,0,3545.0
2020-10-13,22.0,13.5,0,3379.0
2020-10-14,22.7,13.3,0,3199.0
2020-10-15,21.2,12.6,0,3189.0
2020-10-16,19.7,12.4,1,3069.0
2020-10-19,22.5,12.3,0,3069.0
2020-10-20,23.6,13.8,0,3049.0
2020-10-21,22.7,11.8,1,2979.0
2020-10-22,20.3,13.5,1,2869.0
2020-10-23,17.6,12.7,0,2869.0
2020-10-26,20.3,9.8,0,2799.0
2020-10-27,22.2,9.0,0,2749.0
2020-10-28,20.1,11.7,0,2729.0
2020-10-29,19.1,9.2,0,2699.0
2020-10-30,19.6,9.0,0,2709.0
2020-11-02,19.4,9.4,1,2689.0
2020-11-03,15.5,7.4,0,2630.0
2020-11-04,16.0,5.9,0,2570.0
2020-11-05,20.2,3.5,0,2570.0
2020-11-06,24.2,10.7,0,2550.0
2020-11-09,14.9,6.5,0,2500.0
2020-11-10,18.2,7.2,0,2340.0
2020-11-11,17.4,6.8,0,2153.0
2020-11-12,19.4,7.5,0,1940.0
2020-11-13,19.8,10.0,1,1890.0
2020-11-16,21.6,12.0,1,1780.0
2020-11-17,27.0,12.2,0,1646.0
2020-11-18,26.0,18.1,0,1646.0
2020-11-19,23.0,14.1,1,1596.0
2020-11-20,14.2,9.5,0,1536.0
2020-11-23,10.9,7.8,0,1516.0
2020-11-24,14.5,5.2,0,1516.0
2020-11-25,15.4,6.3,0,1506.0
2020-11-26,15.1,7.4,1,1396.0
2020-11-27,12.0,7.4,0,1273.0
2020-11-30,10.3,5.9,0,1200.0
2020-12-01,11.1,2.2,0,1200.0
2020-12-02,13.2,1.9,0,1190.0
2020-12-03,11.6,3.1,0,1150.0
2020-12-07,14.8,2.8,0,1140.0
2020-12-08,10.9,4.4,0,1090.0
2020-12-09,12.3,2.4,0,1090.0
2020-12-10,12.1,5.8,0,1090.0
2020-12-11,11.7,6.9,0,1070.0
2020-12-14,4.4,0.0,0,1106.0
2020-12-15,2.7,0.7,1,1113.0
2020-12-16,3.9,0.9,1,1140.0
2020-12-17,7.6,2.1,0,1140.0
2020-12-18,11.0,3.9,0,1140.0
2020-12-21,11.2,4.6,0,1130.0
2020-12-22,13.2,2.8,0,1130.0
2020-12-23,16.1,1.9,0,1130.0
2020-12-24,13.4,6.0,0,1130.0
2020-12-28,16.0,5.6,0,1130.0
2020-12-29,14.4,1.6,1,1150.0
2020-12-30,2.3,-3.0,1,1150.0
2020-12-31,3.2,-1.3,1,1290.0
2021-01-04,9.1,1.1,0,1240.0
2021-01-05,6.9,1.2,1,1290.0
2021-01-06,6.0,1.3,0,1290.0
2021-01-07,2.4,-4.3,0,1330.0
2021-01-08,0.0,-4.4,0,1410.0
2021-01-11,3.8,0.2,1,1410.0
2021-01-12,5.9,0.9,1,1600.0
2021-01-13,13.0,3.5,0,1600.0
2021-01-14,17.3,4.4,0,1630.0
2021-01-15,17.6,6.2,0,1630.0
2021-01-18,9.5,2.0,0,1688.0
2021-01-19,7.0,-1.5,0,1688.0
2021-01-20,15.9,-1.5,0,1688.0
2021-01-21,20.4,4.6,1,1688.0
2021-01-22,15.5,9.8,1,1668.0
2021-01-25,15.4,9.7,0,1638.0
2021-01-26,11.9,7.2,1,1648.0
2021-01-27,11.0,3.1,0,1648.0
2021-01-28,9.7,-0.6,0,1648.0
2021-01-29,5.9,-1.5,0,1598.0
2021-02-01,13.8,8.0,1,1588.0
2021-02-02,8.1,1.1,0,1588.0
2021-02-03,10.0,1.0,0,1588.0
2021-02-04,9.1,-0.8,1,1568.0
2021-02-05,9.9,-0.5,1,1548.0
2021-02-08,7.3,0.4,0,1548.0
2021-02-09,8.5,0.7,0,1459.0
2021-02-10,12.1,0.6,0,1424.0
2021-02-15,10.7,1.6,0,1404.0
2021-02-16,8.9,0.6,0,1404.0
2021-02-17,2.8,-2.7,0,1404.0
2021-02-18,2.7,-2.3,1,1388.0
2021-02-19,12.1,-0.2,0,1388.0
2021-02-22,22.7,4.3,0,1438.0
2021-02-23,11.2,0.8,0,1438.0
2021-02-24,14.7,1.6,0,1458.0
2021-02-25,14.9,4.4,1,1458.0
2021-02-26,11.9,8.1,1,1448.0
2021-03-02,10.0,3.5,1,1448.0
2021-03-03,13.5,1.9,0,1448.0
2021-03-04,11.7,5.2,1,1478.0
2021-03-05,15.3,8.6,1,1478.0
2021-03-08,14.2,6.1,0,1478.0
2021-03-09,13.9,3.7,0,1488.0
2021-03-10,17.0,3.7,0,1473.0
2021-03-11,19.2,5.1,1,1453.0
2021-03-12,12.6,8.7,1,1433.0
2021-03-15,19.3,3.9,0,1463.0
2021-03-16,16.9,3.0,1,1473.0
2021-03-17,17.0,0.7,0,1473.0
2021-03-18,18.0,6.8,0,1473.0
2021-03-19,18.3,11.6,1,1433.0
2021-03-22,12.8,4.5,0,1433.0
2021-03-23,16.3,4.6,0,1453.0
2021-03-24,20.5,4.1,0,1453.0
2021-03-25,19.5,6.4,0,1433.0
2021-03-26,21.7,4.4,0,1433.0
2021-03-29,18.7,7.9,0,1606.0
2021-03-30,21.1,7.7,0,1556.0
2021-03-31,22.5,7.6,0,1723.0
2021-04-01,16.9,12.7,1,1723.0
2021-04-02,23.4,13.2,1,1733.0
2021-04-05,15.4,7.5,1,1733.0
2021-04-06,18.1,7.7,0,1663.0
2021-04-07,19.2,6.8,0,1663.0
2021-04-08,19.6,5.9,0,1643.0
2021-04-09,18.1,6.0,0,1643.0
2021-04-12,18.8,12.6,1,1583.0
2021-04-13,13.5,7.9,0,1583.0
2021-04-14,14.5,4.9,0,1563.0
2021-04-15,18.0,5.5,0,1553.0
2021-04-16,20.8,8.6,0,1553.0
2021-04-19,19.5,4.2,0,1603.0
2021-04-20,20.6,4.3,0,1623.0
2021-04-21,23.3,7.3,0,1643.0
2021-04-22,28.5,13.7,0,1643.0
2021-04-23,28.7,15.7,0,1593.0
2021-04-26,22.1,9.9,0,1633.0
2021-04-27,22.4,9.6,1,1623.0
2021-04-28,22.0,13.8,0,1603.0
2021-04-29,23.7,13.2,1,1603.0
2021-04-30,20.7,9.6,1,1583.0
2021-05-03,20.0,5.5,0,1473.0
2021-05-04,22.3,12.6,1,1509.0
2021-05-06,24.1,8.2,0,1393.0
2021-05-07,26.1,9.8,0,1363.0
2021-05-10,26.3,12.5,0,1363.0
2021-05-11,22.1,16.1,0,1363.0
2021-05-12,22.2,15.0,1,1363.0
2021-05-13,25.4,16.5,0,1333.0
2021-05-14,25.8,17.0,0,1333.0
2021-05-17,18.0,13.8,1,1333.0
2021-05-18,23.8,12.4,0,1353.0
2021-05-20,22.6,14.8,1,1403.0
2021-05-21,22.3,14.3,0,1403.0
2021-05-24,23.7,13.9,1,1403.0
2021-05-25,23.8,11.6,0,1403.0
2021-05-26,26.8,12.9,1,1353.0
2021-05-27,23.5,14.5,1,1353.0
2021-05-28,26.6,15.5,0,1313.0
2021-05-31,28.2,14.3,0,1223.0
2021-06-01,28.5,15.1,0,1213.0
2021-06-02,28.2,19.1,0,1153.0
2021-06-03,31.7,18.0,1,1133.0
2021-06-04,24.4,16.6,1,1113.0
2021-06-07,28.3,13.4,0,1113.0
2021-06-08,30.3,16.2,0,1133.0
2021-06-09,30.8,20.0,0,1133.0
2021-06-10,27.7,20.2,1,1133.0
2021-06-11,25.3,17.6,1,1133.0
2021-06-14,25.6,16.7,0,1123.0
2021-06-15,23.4,19.4,1,1123.0
2021-06-16,21.7,19.3,1,1123.0
2021-06-17,24.8,19.0,0,1123.0
2021-06-18,26.4,20.1,0,1123.0
2021-06-21,30.6,16.1,0,1103.0
2021-06-22,31.6,18.0,0,1103.0
2021-06-23,28.1,18.6,0,1093.0
2021-06-24,29.1,17.7,0,1093.0
2021-06-25,29.7,19.4,0,1113.0
2021-06-28,28.4,20.3,0,1023.0
2021-06-29,0.0,0.0,0,1023.0
2021-06-30,0.0,0.0,0,1083.0
2021-07-01,0.0,0.0,0,1083.0
2021-07-02,0.0,0.0,0,1083.0
2021-07-05,0.0,0.0,0,1083.0
2021-07-06,0.0,0.0,0,1063.0
2021-07-07,0.0,0.0,0,1063.0
2021-07-08,0.0,0.0,0,1073.0
2021-07-09,0.0,0.0,0,1073.0
2021-07-12,0.0,0.0,0,1073.0
2021-07-13,0.0,0.0,0,1083.0
2021-07-14,0.0,0.0,0,1083.0
2021-07-15,0.0,0.0,0,1063.0
2021-07-16,0.0,0.0,0,1063.0
2021-07-19,0.0,0.0,0,1102.0
2021-07-20,0.0,0.0,0,1102.0
2021-07-21,0.0,0.0,0,1102.0
2021-07-22,0.0,0.0,0,1102.0
2021-07-23,0.0,0.0,0,1149.0
2021-07-26,0.0,0.0,0,1189.0
2021-07-27,0.0,0.0,0,1179.0
2021-07-28,0.0,0.0,0,1193.0
2021-07-29,0.0,0.0,0,1193.0
2021-07-30,0.0,0.0,0,1193.0
2021-08-02,0.0,0.0,0,1193.0
2021-08-03,0.0,0.0,0,1193.0
2021-08-04,0.0,0.0,0,1186.0
2021-08-05,0.0,0.0,0,1186.0
2021-08-06,0.0,0.0,0,1199.0
2021-08-09,0.0,0.0,0,1199.0
2021-08-10,0.0,0.0,0,1199.0
2021-08-11,0.0,0.0,0,1199.0
2021-08-12,0.0,0.0,0,1199.0
2021-08-13,0.0,0.0,0,1266.0
2021-08-17,0.0,0.0,0,1276.0
2021-08-18,0.0,0.0,0,1276.0
2021-08-19,0.0,0.0,0,1306.0
2021-08-20,0.0,0.0,0,1306.0
2021-08-23,0.0,0.0,0,1349.0
2021-08-24,0.0,0.0,0,1349.0
2021-08-25,0.0,0.0,0,1346.0
2021-08-26,0.0,0.0,0,1356.0
2021-08-27,0.0,0.0,0,1349.0
2021-08-30,0.0,0.0,0,1339.0
2021-08-31,0.0,0.0,0,1339.0
2021-09-01,0.0,0.0,0,1339.0
2021-09-02,0.0,0.0,0,1346.0
2021-09-03,0.0,0.0,0,1346.0
2021-09-06,0.0,0.0,0,1332.0
2021-09-07,0.0,0.0,0,1332.0
2021-09-08,0.0,0.0,0,1326.0
2021-09-09,0.0,0.0,0,1396.0
2021-09-10,0.0,0.0,0,1423.0
2021-09-13,0.0,0.0,0,1472.0
2021-09-14,24.9,22.4,1,1579.0
2021-09-15,22.9,20.7,1,1629.0
2021-09-16,22.9,20.7,1,1669.0
2021-09-17,24.0,21.1,1,1716.0
2021-09-23,29.9,17.9,0,1716.0
2021-09-24,27.3,17.3,0,1706.0
2021-09-27,27.4,20.2,0,1676.0
2021-09-28,29.6,20.0,0,1592.0
2021-09-29,32.1,20.8,1,1585.0
2021-09-30,27.4,19.7,1,1582.0
2021-10-01,27.2,16.7,0,1582.0
2021-10-05,31.3,19.1,0,1582.0
2021-10-06,28.7,19.9,0,1516.0
2021-10-07,29.0,18.8,0,1516.0
2021-10-08,29.9,18.2,0,1516.0
2021-10-12,24.5,19.9,1,1516.0
2021-10-13,25.0,20.6,1,1496.0
2021-10-14,29.0,20.5,0,1453.0
2021-10-15,27.8,18.5,0,1453.0
2021-10-18,19.2,7.7,0,1453.0
2021-10-19,21.2,8.9,0,1443.0
2021-10-20,15.4,11.2,0,1416.0
2021-10-21,19.1,10.8,0,1396.0
2021-10-22,19.8,10.3,0,1285.0
2021-10-25,21.0,12.0,0,1259.0
2021-10-26,21.8,10.1,0,1219.0
2021-10-27,22.4,10.1,0,1193.0
2021-10-28,21.1,10.6,0,1129.0
2021-10-29,22.1,12.3,0,1129.0
2021-11-01,22.0,11.8,0,1129.0
2021-11-02,19.0,11.3,0,1129.0
2021-11-03,19.7,9.9,0,1149.0
2021-11-04,22.2,10.4,0,1149.0
2021-11-05,20.7,12.1,0,1149.0
2021-11-08,21.0,9.7,1,1202.0
2021-11-09,13.2,7.2,1,1206.0
2021-11-10,11.9,6.9,1,1216.0
2021-11-11,16.7,8.5,1,1266.0
2021-11-12,15.5,8.0,1,1319.0
2021-11-15,19.7,8.2,0,1303.0
2021-11-16,17.8,6.4,0,1403.0
2021-11-17,18.3,7.3,0,1403.0
2021-11-18,20.4,6.3,0,1419.0
2021-11-19,20.4,4.2,0,1469.0
2021-11-22,14.8,5.4,1,1469.0
2021-11-23,9.8,6.7,1,1469.0
2021-11-24,13.8,8.5,0,1469.0
2021-11-25,17.3,6.2,0,1469.0
2021-11-26,15.9,6.0,0,1469.0
2021-11-29,20.0,6.7,0,1429.0
2021-11-30,17.5,6.4,1,1429.0
2021-12-01,8.5,5.2,1,1399.0
2021-12-02,12.1,5.1,1,1399.0
2021-12-06,16.7,4.0,0,1399.0
2021-12-07,14.9,3.4,0,1399.0
2021-12-08,16.8,6.0,0,1419.0
2021-12-09,15.8,6.6,0,1442.0
2021-12-10,16.7,8.7,0,1442.0
2021-12-13,6.3,4.4,0,1442.0
2021-12-14,12.8,3.7,0,1422.0
2021-12-15,16.0,5.3,0,1422.0
2021-12-16,10.9,7.9,1,1422.0
2021-12-17,10.3,0.2,1,1366.0
2021-12-20,13.8,4.6,0,1356.0
2021-12-21,16.6,5.7,0,1336.0
2021-12-22,16.4,3.7,0,1343.0
2021-12-23,16.5,4.4,0,1343.0
2021-12-24,13.4,3.7,0,1343.0
2021-12-27,4.6,-1.2,1,1343.0
2021-12-28,7.6,3.0,1,1353.0
2021-12-29,11.1,5.5,1,1346.0
2021-12-30,8.9,4.1,0,1346.0
2021-12-31,6.6,2.0,0,1346.0
2022-01-03,11.2,0.8,0,1346.0
2022-01-04,10.7,1.8,0,1259.0
2022-01-05,5.2,1.1,1,1216.0
2022-01-06,9.9,2.6,0,1213.0
2022-01-07,10.5,-0.2,0,1193.0
2022-01-10,10.6,2.9,0,1193.0
2022-01-11,6.4,-0.5,1,1193.0
2022-01-12,3.9,-0.1,1,1193.0
2022-01-13,4.8,1.3,1,1129.0
2022-01-14,7.8,0.0,0,1129.0
2022-01-17,7.9,0.8,0,1119.0
2022-01-18,6.5,-0.8,0,1099.0
2022-01-19,11.0,-0.4,1,1099.0
2022-01-20,6.0,-0.4,0,1093.0
2022-01-21,10.5,-0.4,0,1093.0
2022-01-24,13.7,7.0,0,1093.0
2022-01-25,8.4,6.3,1,1086.0
2022-01-26,9.6,4.5,0,1086.0
2022-01-27,8.2,2.3,0,1086.0
2022-01-28,8.1,2.6,0,1086.0
2022-02-03,7.6,0.8,0,1086.0
2022-02-04,8.0,-1.2,0,1066.0
2022-02-07,6.4,0.9,0,1003.0
2022-02-08,8.2,-0.6,0,1003.0
2022-02-09,10.1,-1.2,1,1026.0
2022-02-10,9.8,1.8,1,1026.0
2022-02-11,11.5,0.6,0,1019.0
2022-02-14,14.6,4.5,0,1019.0
2022-02-15,6.8,0.4,0,1012.0
2022-02-16,3.8,-0.8,0,985.0
2022-02-17,2.2,-2.2,0,979.0
2022-02-18,6.4,-3.6,1,979.0
2022-02-21,8.4,0.0,0,969.0
2022-02-22,6.8,1.2,0,949.0
2022-02-23,3.1,-1.5,0,979.0
2022-02-24,5.0,-1.0,0,1009.0
2022-02-25,12.2,-1.1,0,999.0
2022-02-28,14.6,-1.2,0,996.0
2022-03-02,9.5,1.1,0,1008.0
2022-03-03,15.1,-0.2,0,1008.0
2022-03-04,17.8,3.4,0,988.0
2022-03-07,11.8,1.5,0,1001.0
2022-03-08,15.3,-0.2,0,1001.0
2022-03-10,18.4,1.7,0,1008.0
2022-03-11,22.0,13.4,0,1008.0
2022-03-14,19.4,7.5,0,1008.0
2022-03-15,16.5,2.9,0,998.0
2022-03-16,20.6,4.5,0,998.0
2022-03-17,19.7,9.8,1,1021.0
2022-03-18,10.7,7.3,1,1021.0
2022-03-21,11.6,4.0,1,1111.0
2022-03-22,12.1,4.5,1,1135.0
2022-03-23,14.3,2.4,1,1168.0
2022-03-24,17.4,1.1,0,1258.0
2022-03-25,19.8,5.4,1,1268.0
2022-03-28,14.5,4.5,0,1342.0
2022-03-29,19.4,6.0,0,1363.0
2022-03-30,21.9,8.6,0,1383.0
2022-03-31,13.3,7.8,0,1403.0
2022-04-01,15.7,7.7,0,1423.0
2022-04-04,17.9,3.1,0,1473.0
2022-04-05,18.1,3.7,0,1473.0
2022-04-06,18.9,5.3,0,1473.0
2022-04-07,20.5,6.0,0,1488.0
2022-04-08,22.4,5.1,0,1488.0
2022-04-11,26.1,13.5,0,1488.0
2022-04-12,25.6,11.4,0,1488.0
2022-04-13,26.5,13.4,1,1488.0
2022-04-14,14.5,11.6,1,1498.0
2022-04-15,17.8,8.2,0,1498.0
2022-04-18,20.4,8.3,0,1641.0
2022-04-19,21.0,7.8,0,1691.0
2022-04-20,21.3,6.5,0,1691.0
2022-04-21,21.0,8.8,1,1759.0
2022-04-22,26.7,8.3,0,1844.0
2022-04-25,26.5,12.5,1,1844.0
2022-04-26,22.1,13.2,1,1854.0
2022-04-27,23.4,11.8,0,1854.0
2022-04-28,25.3,10.7,0,1884.0
2022-04-29,16.5,9.8,0,2033.0
2022-05-02,20.6,8.2,0,2013.0
2022-05-03,20.3,6.1,0,2013.0
2022-05-04,23.7,6.7,0,1963.0
2022-05-06,27.7,12.7,0,1819.0
2022-05-09,22.4,14.5,0,1869.0
2022-05-10,23.2,13.9,0,1879.0
2022-05-11,23.5,16.3,0,1849.0
2022-05-12,24.4,15.7,0,1859.0
2022-05-13,19.1,11.6,1,1770.0
2022-05-16,24.1,10.8,1,1734.0
2022-05-17,25.7,13.1,0,1734.0
2022-05-18,27.7,17.2,0,1739.0
2022-05-19,25.6,13.8,1,1723.0
2022-05-20,24.6,15.5,0,1713.0
2022-05-23,27.2,15.8,0,1593.0
2022-05-24,26.5,13.3,0,1593.0
2022-05-25,26.5,14.9,0,1583.0
2022-05-26,24.3,12.6,0,1583.0
2022-05-27,27.5,12.1,0,1583.0
2022-05-30,26.5,17.7,0,1583.0
2022-05-31,29.2,14.1,0,1583.0
2022-06-02,26.5,14.2,0,1563.0
2022-06-03,26.2,14.5,0,1553.0
2022-06-07,24.8,15.0,1,1583.0
2022-06-08,27.0,14.5,0,1603.0
2022-06-09,27.1,14.7,0,1623.0
2022-06-10,26.6,15.7,0,1623.0
2022-06-13,24.1,18.1,1,1653.0
2022-06-14,22.7,17.8,1,1633.0
2022-06-15,27.5,16.6,0,1656.0
2022-06-16,29.6,17.3,0,1693.0
2022-06-17,29.4,18.1,0,1743.0
2022-06-20,26.9,20.3,0,1769.0
2022-06-21,28.9,19.8,0,1769.0
2022-06-22,30.5,19.5,0,1789.0
2022-06-23,29.9,21.4,0,1799.0
2022-06-24,27.7,22.4,1,1809.0
2022-06-27,30.5,26.5,0,1805.0
2022-06-28,30.1,25.9,0,1839.0
2022-06-29,30.7,25.7,0,1866.0
2022-06-30,33.1,24.7,0,1879.0
2022-07-01,32.2,22.4,0,1916.0
2022-07-04,33.4,23.5,0,1916.0
2022-07-05,32.8,24.1,0,1916.0
2022-07-06,34.6,24.2,0,1896.0
2022-07-07,32.6,27.0,0,1906.0
2022-07-08,34.2,25.4,0,1922.0
2022-07-11,31.1,23.6,1,1912.0
2022-07-12,33.5,23.6,0,1909.0
2022-07-13,33.7,25.1,0,1919.0
2022-07-14,32.0,23.5,1,1939.0
2022-07-15,31.2,22.7,1,1926.0
2022-07-18,30.5,25.1,1,1926.0
2022-07-19,31.8,22.0,1,1923.0
2022-07-20,32.1,21.4,0,1923.0
2022-07-21,30.0,23.1,0,1913.0
2022-07-22,30.4,21.7,0,1900.0
2022-07-25,30.0,21.4,0,1880.0
2022-07-26,32.7,20.5,0,1878.0
2022-07-27,34.5,22.7,0,1884.0
2022-07-28,35.3,23.1,0,1884.0
2022-07-29,34.2,25.1,0,1874.0
2022-08-01,32.0,25.3,1,1878.0
2022-08-02,33.4,25.7,1,1878.0
2022-08-03,34.5,25.7,0,1888.0
2022-08-04,33.9,24.6,0,1885.0
2022-08-05,33.4,27.2,0,1885.0
2022-08-08,33.8,27.5,0,1898.0
2022-08-09,34.1,26.7,0,1889.0
2022-08-10,34.7,27.2,0,1869.0
2022-08-11,33.5,27.6,0,1869.0
2022-08-12,34.8,26.1,0,1869.0
2022-08-16,31.9,25.7,1,2308.0
2022-08-17,27.4,23.4,1,2392.0
2022-08-18,32.1,21.6,0,2412.0
2022-08-19,32.8,26.4,0,2669.0
2022-08-22,32.7,21.9,0,2633.0
2022-08-23,35.1,21.8,0,2583.0
2022-08-24,30.2,20.9,0,2516.0
2022-08-25,30.1,20.4,0,2506.0
2022-08-26,29.2,21.6,0,2489.0
2022-08-29,31.1,19.1,0,2615.0
2022-08-30,33.4,21.5,0,2676.0
2022-08-31,29.2,22.2,1,2755.0
2022-09-01,25.7,21.9,0,2805.0
2022-09-02,23.2,20.6,1,2869.0
2022-09-05,26.4,23.4,1,2979.0
2022-09-06,26.5,16.7,1,3046.0
2022-09-07,30.0,14.6,0,3248.0
2022-09-08,28.9,17.6,0,3318.0
2022-09-13,23.4,22.3,1,3222.0
2022-09-14,24.9,22.9,1,3282.0
2022-09-15,28.7,23.1,1,3349.0
2022-09-16,33.7,22.9,0,3326.0
2022-09-19,26.9,20.3,0,3379.0
2022-09-20,26.1,18.3,0,3299.0
2022-09-21,25.8,17.8,0,3322.0
2022-09-22,26.3,16.7,0,3322.0
2022-09-23,27.9,17.1,0,3326.0
2022-09-26,28.6,18.1,0,3346.0
2022-09-27,27.5,16.5,1,3346.0
2022-09-28,25.9,16.0,0,3292.0
2022-09-29,27.4,14.0,0,3292.0
2022-09-30,28.3,13.5,0,3256.0
2022-10-04,26.1,15.8,1,3246.0
2022-10-05,22.9,15.0,1,3246.0
2022-10-06,22.4,14.2,1,3199.0
2022-10-07,20.9,13.0,1,3269.0
2022-10-11,20.6,13.6,0,3289.0
2022-10-12,22.6,11.5,0,3276.0
2022-10-13,21.4,16.0,0,3276.0
2022-10-14,23.8,13.3,0,3266.0
2022-10-17,20.7,12.1,0,3239.0
2022-10-18,18.4,11.3,0,3199.0
2022-10-19,19.2,9.7,0,3149.0
2022-10-20,22.2,10.4,0,3079.0
2022-10-21,23.3,9.5,0,2882.0
2022-10-24,15.2,10.0,0,2705.0
2022-10-25,16.0,7.8,0,2548.0
2022-10-26,20.2,11.7,0,2512.0
2022-10-27,18.4,9.6,0,2512.0
2022-10-28,18.8,9.0,0,2512.0
2022-10-31,18.1,13.2,0,2382.0
2022-11-01,19.1,12.0,0,2292.0
2022-11-02,18.0,8.2,0,2236.0
2022-11-03,17.9,6.2,0,2202.0
2022-11-04,12.5,6.0,0,2192.0
2022-11-07,16.1,6.7,0,2139.0
2022-11-08,18.5,6.2,0,2118.0
2022-11-09,19.8,7.9,0,2125.0
2022-11-10,21.6,12.0,1,2055.0
2022-11-11,23.2,14.7,0,2055.0
2022-11-14,13.8,8.4,0,2001.0
2022-11-15,13.5,5.9,0,2008.0
2022-11-16,15.6,5.9,0,2008.0
2022-11-17,16.5,7.9,0,1975.0
2022-11-18,18.3,12.6,0,1932.0
2022-11-21,17.9,9.7,0,1901.0
2022-11-22,16.4,10.2,1,1901.0
2022-11-23,14.0,6.9,1,1942.0
2022-11-24,15.0,5.7,1,1922.0
2022-11-25,18.7,6.4,0,1905.0
2022-11-28,23.4,13.2,0,1872.0
2022-11-29,19.8,6.1,1,1819.0
2022-11-30,6.4,1.6,0,1819.0
2022-12-01,4.8,1.6,0,1809.0
2022-12-05,5.2,1.6,0,1845.0
2022-12-06,9.6,1.0,0,1881.0
2022-12-07,11.0,2.7,0,1868.0
2022-12-08,10.9,3.2,0,1875.0
2022-12-09,13.0,5.9,0,1892.0
2022-12-12,8.4,1.9,0,1935.0
2022-12-13,9.6,4.7,0,1935.0
2022-12-14,4.9,-0.2,0,1935.0
2022-12-15,8.3,0.0,1,1905.0
2022-12-16,7.3,1.6,1,1869.0
2022-12-19,5.9,-0.7,1,1869.0
2022-12-20,9.8,0.9,0,1906.0
2022-12-21,9.5,4.9,1,1922.0
2022-12-22,5.3,-2.4,1,2209.0
2022-12-23,0.9,-2.9,1,2216.0
2022-12-26,5.7,1.6,0,2299.0
2022-12-27,6.3,2.2,0,2346.0
2022-12-28,6.8,2.2,0,2492.0
2022-12-29,5.5,2.6,0,2529.0
2022-12-30,6.1,2.9,0,2529.0
2023-01-02,5.0,1.4,0,2499.0
2023-01-03,5.6,2.2,0,2489.0
2023-01-04,6.4,0.6,0,2555.0
2023-01-05,10.4,0.5,0,2542.0
2023-01-06,10.3,1.9,1,2542.0
2023-01-09,14.4,1.4,0,2402.0
2023-01-10,13.6,1.5,0,2365.0
2023-01-11,13.3,3.8,0,2365.0
2023-01-12,15.9,3.9,1,2322.0
2023-01-13,18.2,12.9,1,2312.0
2023-01-16,1.6,0.4,0,2436.0
2023-01-17,2.6,0.5,0,2469.0
2023-01-18,5.4,2.3,0,2658.0
2023-01-19,6.4,3.5,0,2724.0
2023-01-20,7.7,-0.1,0,2724.0
2023-01-25,0.0,-5.6,1,2702.0
2023-01-26,7.4,-0.5,1,2826.0
2023-01-27,3.7,-3.0,1,2819.0
2023-01-30,5.9,-0.3,0,2850.0
2023-01-31,11.2,-2.1,0,2854.0
2023-02-01,11.6,1.7,0,2770.0
2023-02-02,4.8,-0.7,0,2764.0
2023-02-03,4.2,-0.1,0,2774.0
2023-02-06,9.2,1.7,1,2784.0
2023-02-07,11.9,2.2,1,2764.0
2023-02-08,9.9,1.5,0,2764.0
2023-02-09,12.0,3.0,1,2744.0
2023-02-10,7.8,2.4,1,2744.0
2023-02-13,9.0,4.7,1,2744.0
2023-02-14,5.7,1.8,0,2647.0
2023-02-15,4.7,0.2,1,2617.0
2023-02-16,6.3,2.0,0,2582.0
2023-02-17,14.5,1.6,1,2622.0
2023-02-20,7.1,0.4,0,2616.0
2023-02-21,3.6,-1.5,0,2611.0
2023-02-22,8.6,-1.4,1,2629.0
2023-02-23,6.4,4.0,1,2647.0
2023-02-24,9.1,3.3,1,2656.0
2023-02-27,10.8,-1.7,0,2694.0
2023-02-28,16.6,1.0,0,2706.0
2023-03-02,5.6,0.5,0,2756.0
2023-03-03,9.7,-0.7,0,2754.0
2023-03-06,16.4,4.3,0,2702.0
2023-03-07,18.6,6.2,0,2648.0
2023-03-08,17.9,10.2,0,2645.0
2023-03-09,21.9,8.8,0,2650.0
2023-03-10,20.6,8.4,0,2692.0
2023-03-13,7.4,-0.2,0,2667.0
2023-03-14,14.6,-0.6,0,2640.0
2023-03-15,19.7,5.8,0,2587.0
2023-03-16,11.5,5.1,0,2596.0
2023-03-17,13.0,5.9,1,2596.0
2023-03-20,13.4,2.2,0,2598.0
2023-03-21,18.0,10.6,1,2589.0
2023-03-22,18.7,10.5,0,2571.0
2023-03-23,16.3,8.7,1,2574.0
2023-03-24,10.9,8.0,1,2574.0
2023-03-27,10.8,4.2,0,2603.0
2023-03-28,14.5,2.1,0,2653.0
2023-03-29,15.3,5.9,0,2669.0
2023-03-30,18.3,5.9,0,2705.0
2023-03-31,18.9,9.5,0,2678.0
2023-04-03,18.6,10.2,0,2678.0
2023-04-04,19.0,10.2,1,2691.0
2023-04-05,17.4,9.6,1,2720.0
2023-04-06,11.7,6.9,1,2729.0
2023-04-07,11.6,6.2,1,2690.0
2023-04-10,17.4,4.4,0,2658.0
2023-04-11,21.3,13.2,0,2659.0
2023-04-12,16.8,4.8,0,2683.0
2023-04-13,18.9,4.2,0,2694.0
2023-04-14,16.7,11.4,1,2686.0
2023-04-17,18.9,4.5,0,2671.0
2023-04-18,22.7,15.1,0,2801.0
2023-04-19,24.4,13.8,0,2801.0
2023-04-20,21.4,11.9,0,2666.0
2023-04-21,21.9,12.4,0,2673.0
2023-04-24,13.6,10.2,1,2555.0
2023-04-25,12.2,9.6,1,2538.0
2023-04-26,14.8,2.9,0,2592.0
2023-04-27,16.1,1.6,0,2536.0
2023-04-28,23.4,5.1,0,2421.0
2023-05-02,23.0,8.9,0,2282.0
2023-05-03,20.3,10.8,1,2248.0
2023-05-04,21.2,14.4,1,2198.0
2023-05-08,17.2,8.5,0,2169.0
2023-05-09,19.7,7.7,0,2104.0
2023-05-10,21.6,9.8,0,2077.0
2023-05-11,23.1,10.8,0,2077.0
2023-05-12,19.8,11.0,1,2097.0
2023-05-15,27.0,12.0,1,2053.0
2023-05-16,30.6,14.9,0,2007.0
2023-05-17,27.0,14.8,0,1981.0
2023-05-18,21.9,14.9,1,1972.0
2023-05-19,22.0,14.5,1,1972.0
2023-05-22,21.1,10.8,1,1962.0
2023-05-23,21.6,9.7,0,1962.0
2023-05-24,21.3,10.5,0,1895.0
2023-05-25,22.9,14.2,0,1885.0
2023-05-26,26.3,16.0,0,1914.0
2023-05-30,22.5,18.2,1,1964.0
2023-05-31,24.4,16.8,1,2002.0
2023-06-01,25.3,18.2,1,2021.0
2023-06-02,23.5,15.9,1,2109.0
2023-06-05,20.9,14.8,1,2129.0
2023-06-07,23.9,12.6,0,2159.0
2023-06-08,25.7,17.1,1,2185.0
2023-06-09,25.6,17.4,0,2215.0
2023-06-12,25.0,18.1,0,2232.0
2023-06-13,24.7,17.4,0,2192.0
2023-06-14,26.4,16.4,0,2195.0
2023-06-15,25.1,15.5,0,2195.0
2023-06-16,26.2,14.9,0,2198.0
2023-06-19,29.8,14.8,0,2192.0
2023-06-20,25.7,18.4,1,2202.0
2023-06-21,21.9,19.3,1,2202.0
2023-06-22,24.7,18.2,0,2202.0
2023-06-23,26.3,16.7,0,2202.0
2023-06-26,26.4,23.9,1,2202.0
2023-06-27,25.5,23.8,1,2202.0
2023-06-28,26.7,24.4,0,2202.0
2023-06-29,27.0,22.8,1,2202.0
2023-06-30,25.2,22.8,1,2202.0
2023-07-03,26.4,23.4,1,2202.0
2023-07-04,29.1,23.2,0,2202.0
2023-07-05,29.0,20.3,1,2202.0
2023-07-06,28.0,18.5,0,2202.0
2023-07-07,28.7,21.9,1,2190.0
2023-07-10,29.6,24.5,0,2190.0
2023-07-11,29.5,25.5,0,2190.0
2023-07-12,29.5,25.9,0,2190.0
2023-07-13,29.2,26.3,0,2198.0
2023-07-14,29.3,26.4,0,2198.0
2023-07-17,30.0,23.6,1,2218.0
2023-07-18,28.0,23.4,1,2218.0
2023-07-19,24.9,21.5,1,2218.0
2023-07-20,26.2,22.2,0,2218.0
2023-07-21,28.0,22.1,0,2245.0
2023-07-24,28.0,23.8,1,2365.0
2023-07-25,27.7,23.6,1,2426.0
2023-07-26,29.7,23.4,1,2474.0
