날짜,최고기온,최저기온,증감치,월,일,연도,가격
2012-01-03,-0.2,-13.3,-20.0,1,3,2012,780.0
2012-01-04,-3.3,-14.4,120.0,1,4,2012,900.0
2012-01-05,-1.3,-18.1,80.0,1,5,2012,980.0
2012-01-06,1.6,-15.3,0.0,1,6,2012,980.0
2012-01-10,2.0,-13.2,0.0,1,10,2012,920.0
2012-01-11,-1.3,-15.3,0.0,1,11,2012,920.0
2012-01-12,0.0,-18.5,0.0,1,12,2012,920.0
2012-01-13,2.9,-10.3,0.0,1,13,2012,920.0
2012-01-17,8.0,-6.9,-100.0,1,17,2012,820.0
2012-01-18,5.6,-8.9,-20.0,1,18,2012,800.0
2012-01-19,8.8,-7.1,40.0,1,19,2012,840.0
2012-01-20,7.8,-3.0,20.0,1,20,2012,860.0
2012-01-26,0.2,-16.5,120.0,1,26,2012,980.0
2012-01-27,0.4,-13.6,160.0,1,27,2012,1140.0
2012-01-31,-1.3,-17.3,100.0,1,31,2012,1300.0
2012-02-01,-5.4,-20.2,0.0,2,1,2012,1300.0
2012-02-02,-8.4,-24.8,0.0,2,2,2012,1300.0
2012-02-03,-5.0,-25.1,-30.0,2,3,2012,1270.0
2012-02-07,0.8,-12.6,10.0,2,7,2012,1280.0
2012-02-08,-3.6,-18.8,180.0,2,8,2012,1460.0
2012-02-09,-0.2,-15.9,0.0,2,9,2012,1460.0
2012-02-10,2.1,-14.9,40.0,2,10,2012,1500.0
2012-02-14,9.6,-6.9,-20.0,2,14,2012,1520.0
2012-02-15,5.8,-8.1,0.0,2,15,2012,1520.0
2012-02-16,3.1,-13.0,40.0,2,16,2012,1560.0
2012-02-17,-1.9,-14.8,-100.0,2,17,2012,1460.0
2012-02-21,5.4,-10.3,-60.0,2,21,2012,1400.0
2012-02-22,12.6,-11.1,0.0,2,22,2012,1400.0
2012-02-23,10.7,-4.5,-20.0,2,23,2012,1380.0
2012-02-24,9.4,-7.7,0.0,2,24,2012,1380.0
2012-02-28,7.0,-12.3,-40.0,2,28,2012,1300.0
2012-03-06,3.8,0.0,40.0,3,6,2012,1520.0
2012-03-07,8.9,-3.2,0.0,3,7,2012,1520.0
2012-03-08,7.8,-5.4,-20.0,3,8,2012,1500.0
2012-03-09,7.9,-6.2,20.0,3,9,2012,1520.0
2012-03-13,7.1,-9.7,0.0,3,13,2012,1520.0
2012-03-14,4.8,-5.4,-20.0,3,14,2012,1500.0
2012-03-15,11.5,-3.6,0.0,3,15,2012,1500.0
2012-03-16,12.6,-2.2,-40.0,3,16,2012,1460.0
2012-03-20,9.4,-7.8,20.0,3,20,2012,1500.0
2012-03-21,12.1,-6.9,0.0,3,21,2012,1500.0
2012-03-22,12.4,-1.1,-60.0,3,22,2012,1440.0
2012-03-23,5.7,0.1,-80.0,3,23,2012,1360.0
2012-03-27,13.5,-6.0,-100.0,3,27,2012,1260.0
2012-03-28,17.7,-0.3,140.0,3,28,2012,1400.0
2012-03-29,17.7,-3.8,-40.0,3,29,2012,1360.0
2012-03-30,15.2,6.3,-40.0,3,30,2012,1320.0
2012-04-03,7.6,-1.1,0.0,4,3,2012,1200.0
2012-04-04,15.3,-3.3,-40.0,4,4,2012,1160.0
2012-04-05,11.2,-1.9,20.0,4,5,2012,1180.0
2012-04-06,9.8,-3.7,20.0,4,6,2012,1200.0
2012-04-10,17.8,3.0,0.0,4,10,2012,1180.0
2012-04-13,17.8,2.3,20.0,4,13,2012,1220.0
2012-04-17,21.6,1.5,-20.0,4,17,2012,1200.0
2012-04-18,22.8,1.5,0.0,4,18,2012,1200.0
2012-04-19,25.0,4.0,0.0,4,19,2012,1200.0
2012-04-20,24.0,9.8,0.0,4,20,2012,1200.0
2012-04-24,27.5,10.0,0.0,4,24,2012,1200.0
2012-04-25,17.3,11.4,40.0,4,25,2012,1240.0
2012-04-26,17.6,5.0,0.0,4,26,2012,1240.0
2012-04-27,23.6,1.0,0.0,4,27,2012,1240.0
2012-05-03,21.8,10.4,0.0,5,3,2012,1220.0
2012-05-04,28.4,8.6,0.0,5,4,2012,1220.0
2012-05-08,28.0,8.0,100.0,5,8,2012,1360.0
2012-05-09,28.1,8.0,160.0,5,9,2012,1520.0
2012-05-10,23.5,8.5,20.0,5,10,2012,1540.0
2012-05-11,16.4,8.5,40.0,5,11,2012,1580.0
2012-05-15,24.0,10.2,20.0,5,15,2012,1560.0
2012-05-16,22.2,7.6,-20.0,5,16,2012,1540.0
2012-05-17,19.6,8.9,-40.0,5,17,2012,1500.0
2012-05-18,24.8,7.2,-20.0,5,18,2012,1480.0
2012-05-22,28.5,9.5,0.0,5,22,2012,1480.0
2012-05-23,27.8,11.8,60.0,5,23,2012,1540.0
2012-05-24,23.6,10.5,0.0,5,24,2012,1540.0
2012-05-25,27.3,12.0,0.0,5,25,2012,1540.0
2012-05-30,19.8,13.7,0.0,5,30,2012,1580.0
2012-05-31,25.3,12.2,80.0,5,31,2012,1660.0
2012-06-01,25.9,13.0,80.0,6,1,2012,1740.0
2012-06-05,28.3,16.9,0.0,6,5,2012,1900.0
2012-06-08,29.2,15.4,0.0,6,8,2012,1840.0
2012-06-12,26.8,15.3,0.0,6,12,2012,1880.0
2012-06-13,27.6,13.5,-40.0,6,13,2012,1840.0
2012-06-14,30.0,14.2,0.0,6,14,2012,1840.0
2012-06-15,25.5,15.6,0.0,6,15,2012,1840.0
2012-06-19,29.2,16.6,0.0,6,19,2012,1840.0
2012-06-20,31.0,14.3,0.0,6,20,2012,1840.0
2012-06-21,33.2,16.4,0.0,6,21,2012,1840.0
2012-06-22,29.4,18.9,0.0,6,22,2012,1840.0
2012-06-26,25.0,15.0,140.0,6,26,2012,2120.0
2012-06-27,28.3,12.9,0.0,6,27,2012,2120.0
2012-06-28,29.4,14.9,40.0,6,28,2012,2160.0
2012-06-29,32.0,17.5,0.0,6,29,2012,2160.0
2012-07-03,30.1,18.5,-80.0,7,3,2012,2080.0
2012-07-04,30.4,20.4,-140.0,7,4,2012,1940.0
2012-07-05,26.0,20.5,-60.0,7,5,2012,1880.0
2012-07-06,21.3,17.9,0.0,7,6,2012,1880.0
2012-07-10,30.1,19.3,-140.0,7,10,2012,1740.0
2012-07-11,28.1,20.4,-80.0,7,11,2012,1660.0
2012-07-12,27.5,21.0,0.0,7,12,2012,1660.0
2012-07-13,31.1,21.7,0.0,7,13,2012,1660.0
2012-07-17,31.0,19.1,-100.0,7,17,2012,1680.0
2012-07-18,31.3,20.6,0.0,7,18,2012,1680.0
2012-07-19,27.9,22.0,-40.0,7,19,2012,1640.0
2012-07-20,30.0,21.3,0.0,7,20,2012,1640.0
2012-07-24,33.1,22.2,20.0,7,24,2012,1660.0
2012-07-25,33.0,22.1,0.0,7,25,2012,1660.0
2012-07-26,33.5,21.0,-160.0,7,26,2012,1500.0
2012-07-27,33.3,20.8,-100.0,7,27,2012,1400.0
2012-07-31,32.6,22.7,0.0,7,31,2012,1500.0
2012-08-01,35.7,22.9,0.0,8,1,2012,1500.0
2012-08-02,33.9,20.5,0.0,8,2,2012,1500.0
2012-08-03,35.6,21.1,0.0,8,3,2012,1500.0
2012-08-07,33.1,20.7,60.0,8,7,2012,1700.0
2012-08-08,34.0,17.3,220.0,8,8,2012,1920.0
2012-08-09,33.5,20.2,0.0,8,9,2012,1920.0
2012-08-10,28.6,20.9,0.0,8,10,2012,1920.0
2012-08-14,32.6,17.3,0.0,8,14,2012,2120.0
2012-08-17,32.5,20.5,160.0,8,17,2012,2340.0
2012-08-21,30.7,22.8,-40.0,8,21,2012,2300.0
2012-08-22,24.4,20.5,-60.0,8,22,2012,2240.0
2012-08-23,25.1,17.2,0.0,8,23,2012,2240.0
2012-08-24,25.0,16.6,-40.0,8,24,2012,2200.0
2012-08-28,29.8,22.1,180.0,8,28,2012,2460.0
2012-08-29,31.0,21.6,420.0,8,29,2012,2880.0
2012-08-30,21.7,16.9,60.0,8,30,2012,2940.0
2012-08-31,29.3,16.8,-60.0,8,31,2012,2880.0
2012-09-04,25.6,19.4,40.0,9,4,2012,2880.0
2012-09-05,27.4,13.9,-80.0,9,5,2012,2800.0
2012-09-06,26.5,12.1,-40.0,9,6,2012,2760.0
2012-09-07,27.0,13.6,0.0,9,7,2012,2760.0
2012-09-11,30.4,16.3,40.0,9,11,2012,2800.0
2012-09-12,27.2,14.4,0.0,9,12,2012,2800.0
2012-09-13,21.0,18.4,80.0,9,13,2012,2880.0
2012-09-14,24.9,16.7,0.0,9,14,2012,2880.0
2012-09-18,28.9,16.6,40.0,9,18,2012,2920.0
2012-09-19,25.8,14.3,0.0,9,19,2012,2920.0
2012-09-20,30.5,14.0,0.0,9,20,2012,2920.0
2012-09-21,26.7,12.9,-40.0,9,21,2012,2880.0
2012-09-25,32.2,10.6,-200.0,9,25,2012,2680.0
2012-09-26,27.0,13.3,0.0,9,26,2012,2680.0
2012-09-27,24.0,12.7,40.0,9,27,2012,2720.0
2012-09-28,25.4,11.9,100.0,9,28,2012,2820.0
2012-10-05,25.4,10.9,80.0,10,5,2012,2900.0
2012-10-09,23.0,9.2,-120.0,10,9,2012,2580.0
2012-10-10,20.5,10.4,-420.0,10,10,2012,2160.0
2012-10-11,23.2,6.9,-140.0,10,11,2012,2020.0
2012-10-12,24.5,6.0,0.0,10,12,2012,2020.0
2012-10-16,27.3,2.0,-160.0,10,16,2012,2100.0
2012-10-17,18.7,4.2,40.0,10,17,2012,2140.0
2012-10-18,21.0,-0.3,0.0,10,18,2012,2140.0
2012-10-19,23.0,2.0,0.0,10,19,2012,2140.0
2012-10-23,17.3,2.4,40.0,10,23,2012,2180.0
2012-10-24,18.7,6.4,0.0,10,24,2012,2180.0
2012-10-25,19.9,6.9,-40.0,10,25,2012,2140.0
2012-10-26,23.3,7.8,0.0,10,26,2012,2140.0
2012-10-30,16.9,3.2,-40.0,10,30,2012,2100.0
2012-10-31,14.2,1.8,0.0,10,31,2012,2100.0
2012-11-01,13.0,-2.2,-80.0,11,1,2012,2020.0
2012-11-02,15.8,-4.8,0.0,11,2,2012,2020.0
2012-11-06,8.9,5.8,-40.0,11,6,2012,1920.0
2012-11-07,14.8,5.5,120.0,11,7,2012,2040.0
2012-11-08,0.0,0.0,20.0,11,8,2012,2060.0
2012-11-09,0.0,0.0,0.0,11,9,2012,2060.0
2012-11-13,0.0,0.0,0.0,11,13,2012,2060.0
2012-11-14,0.0,0.0,0.0,11,14,2012,2060.0
2012-11-15,0.0,0.0,-60.0,11,15,2012,2000.0
2012-11-16,0.0,0.0,60.0,11,16,2012,2060.0
2012-11-20,0.0,0.0,20.0,11,20,2012,1980.0
2012-11-21,7.9,-2.5,-120.0,11,21,2012,1860.0
2012-11-22,10.0,-4.7,0.0,11,22,2012,1860.0
2012-11-23,8.3,-0.9,0.0,11,23,2012,1860.0
2012-11-27,4.9,-8.9,0.0,11,27,2012,1860.0
2012-11-28,8.1,-4.6,-20.0,11,28,2012,1840.0
2012-11-29,4.9,-6.6,-60.0,11,29,2012,1780.0
2012-11-30,6.4,-7.7,-90.0,11,30,2012,1690.0
2012-12-04,0.0,-9.1,0.0,12,4,2012,1690.0
2012-12-05,-2.1,-11.7,0.0,12,5,2012,1690.0
2012-12-06,-4.1,-17.1,182.0,12,6,2012,1872.0
2012-12-07,-4.4,-17.4,188.0,12,7,2012,2060.0
2012-12-11,-1.3,-20.6,0.0,12,11,2012,2060.0
2012-12-12,-1.6,-19.8,80.0,12,12,2012,2140.0
2012-12-13,1.8,-17.7,40.0,12,13,2012,2180.0
2012-12-14,0.2,-7.8,0.0,12,14,2012,2180.0
2012-12-18,-2.3,-12.3,0.0,12,18,2012,2060.0
2012-12-21,0.0,-8.0,0.0,12,21,2012,2060.0
2012-12-27,-0.6,-18.4,-40.0,12,27,2012,2000.0
2012-12-28,-1.0,-7.9,0.0,12,28,2012,2000.0
2013-01-03,-8.7,-26.8,-80.0,1,3,2013,2060.0
2013-01-04,-6.3,-26.4,100.0,1,4,2013,2160.0
2013-01-08,0.3,-17.6,40.0,1,8,2013,2220.0
2013-01-09,-5.1,-20.5,40.0,1,9,2013,2260.0
2013-01-10,-2.6,-23.5,-20.0,1,10,2013,2240.0
2013-01-11,-1.5,-20.2,-120.0,1,11,2013,2120.0
2013-01-15,2.3,-16.0,-200.0,1,15,2013,1900.0
2013-01-16,1.4,-12.2,0.0,1,16,2013,1900.0
2013-01-17,0.1,-12.9,0.0,1,17,2013,1900.0
2013-01-18,-0.8,-16.2,-100.0,1,18,2013,1800.0
2013-01-22,4.9,-0.4,0.0,1,22,2013,1840.0
2013-01-23,2.4,-0.7,-80.0,1,23,2013,1760.0
2013-01-24,2.1,-6.7,-60.0,1,24,2013,1700.0
2013-01-25,-6.2,-14.6,-60.0,1,25,2013,1640.0
2013-01-29,2.9,-3.2,40.0,1,29,2013,1680.0
2013-01-30,7.3,-2.3,20.0,1,30,2013,1700.0
2013-01-31,11.2,-2.7,60.0,1,31,2013,1760.0
2013-02-01,5.6,0.7,-20.0,2,1,2013,1740.0
2013-02-05,0.6,-9.7,100.0,2,5,2013,1880.0
2013-02-06,3.6,-3.7,100.0,2,6,2013,1980.0
2013-02-07,-2.7,-17.6,60.0,2,7,2013,2040.0
2013-02-08,-3.3,-24.5,0.0,2,8,2013,2040.0
2013-02-13,2.7,-17.2,0.0,2,13,2013,2040.0
2013-02-14,5.0,-12.7,-20.0,2,14,2013,2020.0
2013-02-15,3.0,-9.7,0.0,2,15,2013,2020.0
2013-02-19,2.3,-6.9,0.0,2,19,2013,2020.0
2013-02-20,1.0,-14.3,0.0,2,20,2013,2020.0
2013-02-21,2.4,-12.6,0.0,2,21,2013,2020.0
2013-02-22,5.2,-10.1,-140.0,2,22,2013,1880.0
2013-02-26,6.6,-6.1,40.0,2,26,2013,1760.0
2013-02-27,11.8,-4.6,120.0,2,27,2013,1880.0
2013-02-28,12.5,-6.2,0.0,2,28,2013,1880.0
2013-03-05,9.3,-6.8,60.0,3,5,2013,2020.0
2013-03-06,14.2,-5.5,80.0,3,6,2013,2100.0
2013-03-07,11.0,-1.3,-100.0,3,7,2013,2000.0
2013-03-08,15.0,-0.2,-20.0,3,8,2013,1980.0
2013-03-12,12.1,-5.6,-40.0,3,12,2013,1900.0
2013-03-13,10.7,1.2,0.0,3,13,2013,1900.0
2013-03-14,10.0,-2.5,0.0,3,14,2013,1900.0
2013-03-15,12.1,-5.6,40.0,3,15,2013,1940.0
2013-03-19,13.3,2.1,80.0,3,19,2013,2080.0
2013-03-20,7.7,-2.9,-100.0,3,20,2013,1980.0
2013-03-21,7.8,-7.7,-100.0,3,21,2013,1880.0
2013-03-22,7.4,-5.4,20.0,3,22,2013,1900.0
2013-03-26,11.6,-6.7,40.0,3,26,2013,1900.0
2013-03-27,16.6,-5.7,20.0,3,27,2013,1920.0
2013-03-28,15.2,-2.3,-40.0,3,28,2013,1880.0
2013-03-29,12.0,-4.2,40.0,3,29,2013,1920.0
2013-04-02,9.6,1.5,0.0,4,2,2013,1920.0
2013-04-03,15.9,-0.6,-80.0,4,3,2013,1840.0
2013-04-04,21.7,-1.3,-20.0,4,4,2013,1820.0
2013-04-05,24.2,1.6,40.0,4,5,2013,1860.0
2013-04-09,11.4,0.1,20.0,4,9,2013,1960.0
2013-04-10,9.3,-3.6,40.0,4,10,2013,2000.0
2013-04-11,8.1,-2.0,20.0,4,11,2013,2020.0
2013-04-12,11.8,-4.7,20.0,4,12,2013,2040.0
2013-04-16,24.0,0.4,20.0,4,16,2013,1960.0
2013-04-17,15.1,6.6,20.0,4,17,2013,1980.0
2013-04-18,18.1,5.5,-40.0,4,18,2013,1940.0
2013-04-19,15.4,-2.3,-20.0,4,19,2013,1920.0
2013-04-23,14.4,6.0,20.0,4,23,2013,1960.0
2013-04-24,20.2,6.2,80.0,4,24,2013,2040.0
2013-04-25,10.2,4.1,-40.0,4,25,2013,2000.0
2013-04-26,14.6,4.5,40.0,4,26,2013,2040.0
2013-04-30,20.6,1.1,0.0,4,30,2013,1980.0
2013-05-03,18.4,5.4,-40.0,5,3,2013,1900.0
2013-05-07,27.4,7.5,0.0,5,7,2013,1940.0
2013-05-08,28.7,8.5,-20.0,5,8,2013,1920.0
2013-05-09,25.2,7.1,-20.0,5,9,2013,1900.0
2013-05-10,17.4,12.7,0.0,5,10,2013,1900.0
2013-05-14,25.5,9.7,-100.0,5,14,2013,1780.0
2013-05-15,26.0,12.1,-40.0,5,15,2013,1740.0
2013-05-16,27.2,8.1,-60.0,5,16,2013,1680.0
2013-05-21,24.1,7.4,40.0,5,21,2013,1700.0
2013-05-22,0.0,0.0,-140.0,5,22,2013,1560.0
2013-05-23,0.0,0.0,-40.0,5,23,2013,1520.0
2013-05-24,0.0,0.0,20.0,5,24,2013,1540.0
2013-05-28,0.0,0.0,160.0,5,28,2013,1740.0
2013-05-29,18.1,13.4,-60.0,5,29,2013,1680.0
2013-05-30,26.8,12.5,0.0,5,30,2013,1680.0
2013-05-31,28.6,9.5,-40.0,5,31,2013,1640.0
2013-06-04,29.0,14.2,-100.0,6,4,2013,1500.0
2013-06-05,30.9,13.9,-100.0,6,5,2013,1400.0
2013-06-11,25.6,16.5,-40.0,6,11,2013,1200.0
2013-06-12,21.8,18.3,20.0,6,12,2013,1220.0
2013-06-13,29.3,19.5,40.0,6,13,2013,1260.0
2013-06-14,31.4,19.4,40.0,6,14,2013,1300.0
2013-06-18,23.0,20.3,-60.0,6,18,2013,1160.0
2013-06-19,30.2,19.2,40.0,6,19,2013,1200.0
2013-06-20,31.0,19.1,-140.0,6,20,2013,1060.0
2013-06-21,30.7,20.5,-40.0,6,21,2013,1020.0
2013-06-25,31.5,18.1,-20.0,6,25,2013,960.0
2013-06-26,31.3,20.4,40.0,6,26,2013,1000.0
2013-06-27,30.9,20.2,0.0,6,27,2013,1000.0
2013-06-28,30.4,19.8,0.0,6,28,2013,1000.0
2013-07-02,27.8,21.6,120.0,7,2,2013,1140.0
2013-07-03,31.8,20.3,20.0,7,3,2013,1160.0
2013-07-04,30.4,22.0,-20.0,7,4,2013,1140.0
2013-07-05,30.8,21.8,80.0,7,5,2013,1220.0
2013-07-09,31.5,24.0,-20.0,7,9,2013,1160.0
2013-07-10,27.6,23.5,-180.0,7,10,2013,980.0
2013-07-11,26.4,24.1,-80.0,7,11,2013,900.0
2013-07-12,25.7,22.7,20.0,7,12,2013,920.0
2013-07-16,32.1,21.7,-20.0,7,16,2013,1140.0
2013-07-17,30.4,22.3,-20.0,7,17,2013,1120.0
2013-07-18,25.3,23.2,20.0,7,18,2013,1140.0
2013-07-19,31.7,22.7,-60.0,7,19,2013,1080.0
2013-07-23,26.7,24.0,20.0,7,23,2013,1100.0
2013-07-24,30.6,21.8,-20.0,7,24,2013,1080.0
2013-07-25,31.7,20.7,80.0,7,25,2013,1160.0
2013-07-26,32.7,20.4,40.0,7,26,2013,1200.0
2013-07-30,32.7,22.3,0.0,7,30,2013,1140.0
2013-07-31,33.5,22.9,-20.0,7,31,2013,1120.0
2013-08-01,32.1,21.9,-80.0,8,1,2013,1040.0
2013-08-02,29.4,22.3,-20.0,8,2,2013,1020.0
2013-08-06,28.9,23.1,0.0,8,6,2013,1180.0
2013-08-07,32.8,22.9,0.0,8,7,2013,1180.0
2013-08-08,33.7,24.6,-20.0,8,8,2013,1160.0
2013-08-09,33.0,24.7,0.0,8,9,2013,1160.0
2013-08-13,34.5,23.6,0.0,8,13,2013,1160.0
2013-08-14,34.0,23.3,0.0,8,14,2013,1160.0
2013-08-20,33.0,20.4,20.0,8,20,2013,1160.0
2013-08-21,32.9,19.6,0.0,8,21,2013,1160.0
2013-08-22,33.1,23.5,100.0,8,22,2013,1260.0
2013-08-23,29.4,22.1,-40.0,8,23,2013,1220.0
2013-08-27,30.6,18.6,0.0,8,27,2013,1120.0
2013-08-28,31.2,19.2,0.0,8,28,2013,1120.0
2013-08-29,26.5,19.6,100.0,8,29,2013,1220.0
2013-08-30,31.0,19.7,-20.0,8,30,2013,1200.0
2013-09-03,25.8,12.7,-60.0,9,3,2013,1200.0
2013-09-04,26.4,13.4,40.0,9,4,2013,1240.0
2013-09-05,24.0,10.6,50.0,9,5,2013,1290.0
2013-09-06,24.0,16.3,0.0,9,6,2013,1290.0
2013-09-10,27.2,16.9,20.0,9,10,2013,1310.0
2013-09-11,20.9,18.6,0.0,9,11,2013,1310.0
2013-09-12,26.8,20.1,-20.0,9,12,2013,1290.0
2013-09-13,24.3,20.3,-60.0,9,13,2013,1230.0
2013-09-17,29.2,12.8,100.0,9,17,2013,1510.0
2013-09-24,21.8,17.1,-80.0,9,24,2013,1560.0
2013-09-25,24.0,13.1,140.0,9,25,2013,1700.0
2013-09-26,23.6,8.8,180.0,9,26,2013,1880.0
2013-09-27,24.1,7.4,-40.0,9,27,2013,1840.0
2013-10-01,26.9,13.3,-90.0,10,1,2013,1490.0
2013-10-02,25.4,10.4,-100.0,10,2,2013,1390.0
2013-10-08,20.7,16.4,0.0,10,8,2013,1180.0
2013-10-11,22.5,8.6,0.0,10,11,2013,1230.0
2013-10-15,15.5,5.4,-70.0,10,15,2013,1180.0
2013-10-16,17.2,2.2,-20.0,10,16,2013,1160.0
2013-10-17,17.9,3.1,0.0,10,17,2013,1160.0
2013-10-18,20.0,2.5,-20.0,10,18,2013,1140.0
2013-10-22,20.6,3.1,0.0,10,22,2013,1140.0
2013-10-23,21.8,4.3,0.0,10,23,2013,1140.0
2013-10-24,20.1,4.8,0.0,10,24,2013,1140.0
2013-10-25,17.0,0.4,0.0,10,25,2013,1140.0
2013-10-29,17.9,3.1,0.0,10,29,2013,1100.0
2013-10-30,16.7,3.3,0.0,10,30,2013,1100.0
2013-10-31,19.2,2.8,0.0,10,31,2013,1100.0
2013-11-01,20.8,2.3,0.0,11,1,2013,1100.0
2013-11-05,18.2,3.5,-20.0,11,5,2013,1150.0
2013-11-06,14.0,2.7,0.0,11,6,2013,1150.0
2013-11-07,16.1,2.5,0.0,11,7,2013,1150.0
2013-11-08,15.0,0.1,0.0,11,8,2013,1150.0
2013-11-12,9.3,-5.7,0.0,11,12,2013,1130.0
2013-11-13,11.6,-6.1,0.0,11,13,2013,1130.0
2013-11-14,9.4,-3.0,60.0,11,14,2013,1190.0
2013-11-15,12.1,1.0,60.0,11,15,2013,1250.0
2013-11-19,4.2,-1.9,-40.0,11,19,2013,1270.0
2013-11-20,5.7,-6.3,-20.0,11,20,2013,1250.0
2013-11-21,7.8,-7.3,60.0,11,21,2013,1310.0
2013-11-22,11.1,-7.0,-100.0,11,22,2013,1210.0
2013-11-26,5.7,-5.3,-20.0,11,26,2013,1210.0
2013-11-27,2.3,-4.4,-20.0,11,27,2013,1190.0
2013-11-28,0.1,-9.0,20.0,11,28,2013,1210.0
2013-11-29,4.3,-9.7,0.0,11,29,2013,1210.0
2013-12-03,10.6,-2.1,40.0,12,3,2013,1290.0
2013-12-04,10.5,-3.8,-20.0,12,4,2013,1270.0
2013-12-05,8.4,-0.9,0.0,12,5,2013,1270.0
2013-12-06,7.7,-3.9,0.0,12,6,2013,1270.0
2013-12-10,3.0,-3.2,-20.0,12,10,2013,1230.0
2013-12-11,0.5,-4.1,-20.0,12,11,2013,1210.0
2013-12-12,0.0,-11.5,0.0,12,12,2013,1210.0
2013-12-13,-3.6,-14.2,0.0,12,13,2013,1210.0
2013-12-17,4.4,-10.7,0.0,12,17,2013,1190.0
2013-12-18,8.8,-4.2,0.0,12,18,2013,1190.0
2013-12-19,0.5,-6.3,-130.0,12,19,2013,1060.0
2013-12-20,-0.1,-9.2,0.0,12,20,2013,1060.0
2013-12-24,4.8,-11.1,0.0,12,24,2013,1060.0
2013-12-27,-2.3,-12.2,0.0,12,27,2013,1060.0
2013-12-31,8.0,-5.1,0.0,12,31,2013,1040.0
2014-01-03,6.5,-7.1,0.0,1,3,2014,1020.0
2014-01-07,4.3,-4.9,-60.0,1,7,2014,960.0
2014-01-08,6.0,-3.8,0.0,1,8,2014,960.0
2014-01-09,-2.4,-13.3,0.0,1,9,2014,960.0
2014-01-10,-0.2,-15.8,0.0,1,10,2014,960.0
2014-01-14,2.3,-15.7,0.0,1,14,2014,1000.0
2014-01-15,3.2,-14.9,0.0,1,15,2014,1000.0
2014-01-16,-0.3,-12.1,0.0,1,16,2014,1000.0
2014-01-17,2.6,-9.2,0.0,1,17,2014,1000.0
2014-01-21,-1.2,-10.2,0.0,1,21,2014,1000.0
2014-01-22,1.3,-12.6,0.0,1,22,2014,1000.0
2014-01-23,4.8,-14.4,40.0,1,23,2014,1040.0
2014-01-24,4.6,-7.7,0.0,1,24,2014,1040.0
2014-01-28,8.3,-6.6,0.0,1,28,2014,1040.0
2014-01-29,9.7,-11.1,0.0,1,29,2014,1040.0
2014-02-04,-2.4,-12.3,-20.0,2,4,2014,1020.0
2014-02-05,-0.1,-13.0,60.0,2,5,2014,1080.0
2014-02-06,4.8,-8.9,0.0,2,6,2014,1080.0
2014-02-07,7.1,-7.5,-20.0,2,7,2014,1060.0
2014-02-11,5.1,-10.9,20.0,2,11,2014,1080.0
2014-02-12,5.6,-9.0,40.0,2,12,2014,1120.0
2014-02-13,6.6,-7.5,0.0,2,13,2014,1120.0
2014-02-14,6.1,-5.4,-40.0,2,14,2014,1080.0
2014-02-18,5.0,-4.0,-20.0,2,18,2014,1060.0
2014-02-19,5.9,-7.7,0.0,2,19,2014,1060.0
2014-02-20,5.4,-6.7,0.0,2,20,2014,1060.0
2014-02-21,7.3,-7.3,0.0,2,21,2014,1060.0
2014-02-25,13.3,-5.0,0.0,2,25,2014,1060.0
2014-02-26,16.1,-4.8,0.0,2,26,2014,1060.0
2014-02-27,15.7,-3.6,0.0,2,27,2014,1060.0
2014-02-28,13.9,-1.5,0.0,2,28,2014,1060.0
2014-03-04,12.5,-4.7,0.0,3,4,2014,1040.0
2014-03-05,6.8,-4.2,0.0,3,5,2014,1040.0
2014-03-06,6.0,-8.5,0.0,3,6,2014,1040.0
2014-03-07,6.0,-9.0,0.0,3,7,2014,1040.0
2014-03-11,11.6,-6.5,-20.0,3,11,2014,1020.0
2014-03-12,11.1,-5.5,0.0,3,12,2014,1020.0
2014-03-13,6.4,-4.1,0.0,3,13,2014,1020.0
2014-03-14,10.0,-6.4,0.0,3,14,2014,1020.0
2014-03-18,18.0,7.6,0.0,3,18,2014,1020.0
2014-03-19,11.0,2.6,0.0,3,19,2014,1020.0
2014-03-20,12.5,0.2,0.0,3,20,2014,1020.0
2014-03-21,10.7,-1.9,-60.0,3,21,2014,960.0
2014-03-25,19.4,7.5,-80.0,3,25,2014,900.0
2014-03-26,23.3,6.4,-20.0,3,26,2014,880.0
2014-03-27,24.1,1.5,0.0,3,27,2014,880.0
2014-03-28,23.6,4.5,-40.0,3,28,2014,840.0
2014-04-01,23.7,0.5,0.0,4,1,2014,840.0
2014-04-02,23.9,2.0,0.0,4,2,2014,840.0
2014-04-03,13.2,2.4,40.0,4,3,2014,880.0
2014-04-04,11.0,-0.1,0.0,4,4,2014,880.0
2014-04-08,22.0,0.2,-20.0,4,8,2014,860.0
2014-04-09,23.6,0.4,0.0,4,9,2014,860.0
2014-04-10,20.9,3.6,20.0,4,10,2014,880.0
2014-04-11,21.9,3.3,-20.0,4,11,2014,860.0
2014-04-15,24.1,4.1,20.0,4,15,2014,880.0
2014-04-16,18.9,9.0,-40.0,4,16,2014,840.0
2014-04-17,22.1,9.4,-20.0,4,17,2014,820.0
2014-04-18,22.7,9.1,0.0,4,18,2014,820.0
2014-04-22,22.9,3.3,0.0,4,22,2014,820.0
2014-04-23,25.4,2.6,0.0,4,23,2014,820.0
2014-04-24,26.3,5.4,0.0,4,24,2014,820.0
2014-04-25,27.1,4.2,10.0,4,25,2014,830.0
2014-04-29,17.3,10.8,30.0,4,29,2014,860.0
2014-04-30,19.8,10.2,20.0,4,30,2014,880.0
2014-05-08,20.6,9.5,0.0,5,8,2014,840.0
2014-05-09,24.2,8.5,20.0,5,9,2014,860.0
2014-05-13,28.5,9.7,0.0,5,13,2014,860.0
2014-05-14,27.3,11.7,0.0,5,14,2014,860.0
2014-05-15,24.5,10.8,-20.0,5,15,2014,840.0
2014-05-16,26.0,6.9,0.0,5,16,2014,840.0
2014-05-20,27.5,12.4,0.0,5,20,2014,840.0
2014-05-21,27.4,12.5,40.0,5,21,2014,880.0
2014-05-22,29.1,11.2,40.0,5,22,2014,920.0
2014-05-23,28.0,12.5,0.0,5,23,2014,920.0
2014-05-27,30.2,9.2,20.0,5,27,2014,940.0
2014-05-28,31.2,12.8,20.0,5,28,2014,960.0
2014-05-29,32.2,15.1,-20.0,5,29,2014,940.0
2014-05-30,33.0,12.8,0.0,5,30,2014,940.0
2014-06-03,21.7,17.4,0.0,6,3,2014,960.0
2014-06-10,29.1,16.3,-40.0,6,10,2014,940.0
2014-06-11,25.8,17.4,20.0,6,11,2014,960.0
2014-06-12,28.3,12.1,0.0,6,12,2014,960.0
2014-06-13,25.1,16.1,20.0,6,13,2014,980.0
2014-06-17,30.1,18.3,0.0,6,17,2014,1020.0
2014-06-18,30.4,16.2,-40.0,6,18,2014,980.0
2014-06-19,26.4,18.2,-20.0,6,19,2014,960.0
2014-06-20,29.4,17.1,0.0,6,20,2014,960.0
2014-06-24,28.3,17.9,0.0,6,24,2014,960.0
2014-06-25,30.1,17.6,0.0,6,25,2014,960.0
2014-06-26,30.9,17.9,0.0,6,26,2014,960.0
2014-06-27,30.6,18.0,-20.0,6,27,2014,940.0
2014-07-01,32.5,18.9,0.0,7,1,2014,880.0
2014-07-02,31.5,19.7,-20.0,7,2,2014,860.0
2014-07-03,24.7,20.4,20.0,7,3,2014,880.0
2014-07-04,31.3,18.7,0.0,7,4,2014,880.0
2014-07-08,32.4,19.7,0.0,7,8,2014,880.0
2014-07-09,32.7,23.1,0.0,7,9,2014,880.0
2014-07-10,34.5,21.5,0.0,7,10,2014,880.0
2014-07-11,34.4,17.3,0.0,7,11,2014,880.0
2014-07-15,32.2,18.2,0.0,7,15,2014,880.0
2014-07-16,31.4,20.2,0.0,7,16,2014,880.0
2014-07-17,30.7,20.6,-40.0,7,17,2014,840.0
2014-07-18,31.5,22.5,20.0,7,18,2014,860.0
2014-07-22,30.6,21.6,0.0,7,22,2014,840.0
2014-07-23,27.9,20.9,0.0,7,23,2014,840.0
2014-07-24,27.4,19.0,-20.0,7,24,2014,820.0
2014-07-25,34.7,21.1,0.0,7,25,2014,820.0
2014-07-29,30.9,20.8,10.0,7,29,2014,830.0
2014-07-30,33.6,20.4,0.0,7,30,2014,830.0
2014-07-31,35.1,22.1,0.0,7,31,2014,830.0
2014-08-05,31.5,24.2,60.0,8,5,2014,920.0
2014-08-06,27.0,22.9,20.0,8,6,2014,940.0
2014-08-07,27.5,21.4,40.0,8,7,2014,980.0
2014-08-08,28.8,18.1,0.0,8,8,2014,980.0
2014-08-12,31.1,19.2,0.0,8,12,2014,940.0
2014-08-13,26.8,19.3,0.0,8,13,2014,940.0
2014-08-14,22.6,19.2,0.0,8,14,2014,940.0
2014-08-19,25.2,19.6,0.0,8,19,2014,940.0
2014-08-20,28.8,20.0,0.0,8,20,2014,940.0
2014-08-21,24.8,19.5,0.0,8,21,2014,940.0
2014-08-22,29.9,19.5,0.0,8,22,2014,940.0
2014-08-26,26.4,19.2,160.0,8,26,2014,1100.0
2014-08-27,27.4,16.6,60.0,8,27,2014,1160.0
2014-08-28,30.5,14.7,40.0,8,28,2014,1200.0
2014-08-29,29.7,16.0,0.0,8,29,2014,1200.0
2014-09-02,29.4,16.3,0.0,9,2,2014,1200.0
2014-09-03,20.2,17.5,0.0,9,3,2014,1200.0
2014-09-04,28.5,16.6,0.0,9,4,2014,1200.0
2014-09-05,30.1,16.6,0.0,9,5,2014,1200.0
2014-09-12,26.7,13.4,0.0,9,12,2014,1240.0
2014-09-18,26.3,10.7,0.0,9,18,2014,1080.0
2014-09-19,27.0,10.0,-160.0,9,19,2014,920.0
2014-09-23,27.7,12.2,0.0,9,23,2014,920.0
2014-09-24,20.8,13.9,0.0,9,24,2014,920.0
2014-09-25,28.0,14.1,20.0,9,25,2014,940.0
2014-09-26,24.8,12.9,0.0,9,26,2014,940.0
2014-09-30,21.5,13.3,0.0,9,30,2014,940.0
2014-10-01,23.8,12.1,0.0,10,1,2014,940.0
2014-10-02,21.3,13.4,0.0,10,2,2014,940.0
2014-10-07,22.8,6.1,0.0,10,7,2014,940.0
2014-10-08,22.9,7.4,0.0,10,8,2014,940.0
2014-10-14,19.6,2.5,-40.0,10,14,2014,860.0
2014-10-15,19.5,2.5,0.0,10,15,2014,860.0
2014-10-16,18.8,1.6,60.0,10,16,2014,920.0
2014-10-17,20.2,-0.7,0.0,10,17,2014,920.0
2014-10-21,14.8,10.4,20.0,10,21,2014,940.0
2014-10-22,15.5,5.3,0.0,10,22,2014,940.0
2014-10-23,18.4,4.4,0.0,10,23,2014,940.0
2014-10-24,20.2,5.6,0.0,10,24,2014,940.0
2014-10-28,19.4,-1.4,0.0,10,28,2014,940.0
2014-10-29,20.5,-1.4,-20.0,10,29,2014,920.0
2014-10-30,21.5,0.7,0.0,10,30,2014,920.0
2014-10-31,16.3,7.8,0.0,10,31,2014,920.0
2014-11-04,17.8,-2.3,-20.0,11,4,2014,900.0
2014-11-05,17.8,-0.6,0.0,11,5,2014,900.0
2014-11-06,18.2,3.2,0.0,11,6,2014,900.0
2014-11-07,17.6,-0.1,-40.0,11,7,2014,860.0
2014-11-11,15.0,-3.2,0.0,11,11,2014,860.0
2014-11-12,10.7,-0.8,-20.0,11,12,2014,840.0
2014-11-13,4.0,-3.9,40.0,11,13,2014,880.0
2014-11-14,10.2,-5.9,0.0,11,14,2014,880.0
2014-11-18,10.7,-3.9,-20.0,11,18,2014,880.0
2014-11-19,12.0,-6.5,-20.0,11,19,2014,860.0
2014-11-20,13.0,-5.3,0.0,11,20,2014,860.0
2014-11-21,16.4,-2.8,-20.0,11,21,2014,840.0
2014-11-25,13.1,0.8,0.0,11,25,2014,840.0
2014-11-26,15.0,-0.2,20.0,11,26,2014,860.0
2014-11-27,14.8,-2.0,0.0,11,27,2014,860.0
2014-11-28,7.9,-0.2,0.0,11,28,2014,860.0
2014-12-03,0.7,-10.3,0.0,12,3,2014,860.0
2014-12-04,0.5,-9.9,180.0,12,4,2014,1040.0
2014-12-05,-1.3,-12.3,20.0,12,5,2014,1060.0
2014-12-09,4.1,-12.7,40.0,12,9,2014,1320.0
2014-12-10,2.2,-8.1,0.0,12,10,2014,1320.0
2014-12-11,2.3,-7.7,0.0,12,11,2014,1320.0
2014-12-12,1.8,-11.4,0.0,12,12,2014,1320.0
2014-12-16,1.4,-10.3,0.0,12,16,2014,1340.0
2014-12-17,-6.3,-17.5,0.0,12,17,2014,1340.0
2014-12-18,-3.7,-22.2,-60.0,12,18,2014,1280.0
2014-12-19,-2.7,-18.1,0.0,12,19,2014,1280.0
2014-12-23,1.3,-16.5,-120.0,12,23,2014,1160.0
2014-12-24,8.0,-5.9,0.0,12,24,2014,1160.0
2014-12-30,7.5,-6.5,-100.0,12,30,2014,1040.0
2014-12-31,3.9,-6.8,20.0,12,31,2014,1060.0
2015-01-06,1.6,-8.8,-40.0,1,6,2015,1080.0
2015-01-07,-0.7,-14.2,0.0,1,7,2015,1080.0
2015-01-08,0.7,-15.8,0.0,1,8,2015,1080.0
2015-01-09,3.4,-14.4,0.0,1,9,2015,1080.0
2015-01-13,6.2,-12.7,20.0,1,13,2015,940.0
2015-01-14,4.5,-5.9,20.0,1,14,2015,960.0
2015-01-15,9.0,-4.7,0.0,1,15,2015,960.0
2015-01-16,2.9,-7.0,0.0,1,16,2015,960.0
2015-01-20,6.0,-12.5,0.0,1,20,2015,960.0
2015-01-21,5.5,-5.8,0.0,1,21,2015,960.0
2015-01-22,6.8,-5.0,40.0,1,22,2015,1000.0
2015-01-23,5.1,-8.8,0.0,1,23,2015,1000.0
2015-01-27,2.6,-5.9,0.0,1,27,2015,1000.0
2015-01-28,4.5,-10.9,0.0,1,28,2015,1000.0
2015-01-29,2.6,-8.4,0.0,1,29,2015,1000.0
2015-01-30,1.9,-8.1,0.0,1,30,2015,1000.0
2015-02-03,7.4,-10.8,0.0,2,3,2015,1000.0
2015-02-04,5.7,-9.8,50.0,2,4,2015,1050.0
2015-02-05,6.8,-9.4,0.0,2,5,2015,1050.0
2015-02-06,6.3,-9.4,0.0,2,6,2015,1050.0
2015-02-10,5.7,-10.3,60.0,2,10,2015,1210.0
2015-02-11,8.6,-6.5,0.0,2,11,2015,1210.0
2015-02-12,2.5,-10.0,20.0,2,12,2015,1230.0
2015-02-13,4.5,-13.1,0.0,2,13,2015,1230.0
2015-02-17,4.2,-0.2,40.0,2,17,2015,1270.0
2015-02-24,8.2,-5.4,100.0,2,24,2015,1370.0
2015-02-25,13.1,-3.8,120.0,2,25,2015,1490.0
2015-02-26,6.8,-3.5,0.0,2,26,2015,1490.0
2015-02-27,4.1,-5.5,20.0,2,27,2015,1510.0
2015-03-03,6.3,-1.6,-80.0,3,3,2015,1490.0
2015-03-04,2.5,-5.8,-60.0,3,4,2015,1430.0
2015-03-05,6.4,-10.2,-40.0,3,5,2015,1390.0
2015-03-06,10.4,-8.8,-80.0,3,6,2015,1310.0
2015-03-10,2.4,-7.2,40.0,3,10,2015,1240.0
2015-03-11,6.6,-10.7,40.0,3,11,2015,1280.0
2015-03-12,8.0,-8.5,20.0,3,12,2015,1300.0
2015-03-13,11.3,-4.4,-20.0,3,13,2015,1280.0
2015-03-17,17.2,-2.3,40.0,3,17,2015,1260.0
2015-03-18,12.7,1.8,0.0,3,18,2015,1260.0
2015-03-19,21.5,2.5,20.0,3,19,2015,1280.0
2015-03-20,22.2,1.2,0.0,3,20,2015,1280.0
2015-03-24,13.5,-7.0,20.0,3,24,2015,1300.0
2015-03-25,15.1,-6.6,0.0,3,25,2015,1300.0
2015-03-26,19.0,-5.2,0.0,3,26,2015,1300.0
2015-03-27,19.3,-3.2,0.0,3,27,2015,1300.0
2015-03-31,16.6,3.2,-60.0,3,31,2015,1180.0
2015-04-01,14.8,3.9,40.0,4,1,2015,1220.0
2015-04-02,22.3,1.5,-40.0,4,2,2015,1180.0
2015-04-03,17.2,9.2,-20.0,4,3,2015,1160.0
2015-04-07,9.5,3.2,80.0,4,7,2015,1300.0
2015-04-08,15.0,1.2,-40.0,4,8,2015,1260.0
2015-04-09,15.9,-0.1,-40.0,4,9,2015,1220.0
2015-04-10,20.7,-1.1,0.0,4,10,2015,1220.0
2015-04-14,6.5,5.0,0.0,4,14,2015,1280.0
2015-04-15,18.1,3.3,0.0,4,15,2015,1280.0
2015-04-16,16.2,3.7,0.0,4,16,2015,1280.0
2015-04-17,19.0,0.1,0.0,4,17,2015,1280.0
2015-04-21,22.4,2.0,0.0,4,21,2015,1280.0
2015-04-22,21.1,2.9,0.0,4,22,2015,1280.0
2015-04-23,22.8,1.6,0.0,4,23,2015,1280.0
2015-04-24,23.8,5.9,-40.0,4,24,2015,1240.0
2015-04-28,27.6,5.0,0.0,4,28,2015,1180.0
2015-04-29,22.1,12.2,60.0,4,29,2015,1240.0
2015-04-30,29.3,10.7,190.0,4,30,2015,1430.0
2015-05-07,25.1,5.5,-40.0,5,7,2015,1350.0
2015-05-08,23.9,4.7,0.0,5,8,2015,1350.0
2015-05-12,19.2,11.7,60.0,5,12,2015,1540.0
2015-05-13,25.4,9.6,0.0,5,13,2015,1540.0
2015-05-14,28.1,9.3,0.0,5,14,2015,1540.0
2015-05-15,25.2,13.4,0.0,5,15,2015,1540.0
2015-05-19,22.8,11.3,110.0,5,19,2015,1650.0
2015-05-20,23.5,9.7,0.0,5,20,2015,1650.0
2015-05-21,28.4,6.6,-10.0,5,21,2015,1640.0
2015-05-22,29.0,8.7,20.0,5,22,2015,1660.0
2015-05-27,32.2,8.8,120.0,5,27,2015,1920.0
2015-05-28,32.6,10.4,100.0,5,28,2015,2020.0
2015-05-29,30.9,13.3,0.0,5,29,2015,2020.0
2015-06-02,31.3,13.4,20.0,6,2,2015,2180.0
2015-06-03,28.7,13.3,-60.0,6,3,2015,2120.0
2015-06-04,31.3,8.7,0.0,6,4,2015,2120.0
2015-06-05,19.2,11.8,-40.0,6,5,2015,2080.0
2015-06-09,30.2,14.2,20.0,6,9,2015,2200.0
2015-06-10,34.1,14.1,-40.0,6,10,2015,2160.0
2015-06-11,32.4,15.0,-60.0,6,11,2015,2100.0
2015-06-12,30.5,17.9,0.0,6,12,2015,2100.0
2015-06-16,33.1,18.1,40.0,6,16,2015,2140.0
2015-06-17,32.5,16.6,0.0,6,17,2015,2140.0
2015-06-18,28.6,18.4,0.0,6,18,2015,2140.0
2015-06-19,30.5,15.0,-40.0,6,19,2015,2100.0
2015-06-23,32.6,18.8,-70.0,6,23,2015,2090.0
2015-06-24,31.5,16.8,-60.0,6,24,2015,2030.0
2015-06-25,30.4,19.1,0.0,6,25,2015,2030.0
2015-06-26,24.0,17.6,-100.0,6,26,2015,1930.0
2015-06-30,29.4,19.7,0.0,6,30,2015,1990.0
2015-07-01,30.2,18.1,0.0,7,1,2015,1990.0
2015-07-02,29.2,15.6,-50.0,7,2,2015,1940.0
2015-07-03,28.3,13.0,-100.0,7,3,2015,1840.0
2015-07-07,28.1,15.4,0.0,7,7,2015,1900.0
2015-07-08,24.7,17.8,0.0,7,8,2015,1900.0
2015-07-09,30.7,17.6,0.0,7,9,2015,1900.0
2015-07-10,34.6,18.0,0.0,7,10,2015,1900.0
2015-07-14,32.9,21.2,-40.0,7,14,2015,1880.0
2015-07-15,31.9,18.6,-100.0,7,15,2015,1780.0
2015-07-16,25.3,15.7,0.0,7,16,2015,1780.0
2015-07-17,24.0,14.1,0.0,7,17,2015,1780.0
2015-07-21,30.2,21.6,-70.0,7,21,2015,1730.0
2015-07-22,33.2,23.5,-60.0,7,22,2015,1670.0
2015-07-23,33.0,23.2,-20.0,7,23,2015,1650.0
2015-07-24,25.2,21.8,0.0,7,24,2015,1650.0
2015-07-28,33.6,23.0,-40.0,7,28,2015,1630.0
2015-07-29,28.6,23.0,-40.0,7,29,2015,1590.0
2015-07-30,34.5,23.1,40.0,7,30,2015,1630.0
2015-07-31,34.1,24.2,80.0,7,31,2015,1710.0
2015-08-04,33.4,21.8,-40.0,8,4,2015,1690.0
2015-08-05,33.8,23.5,0.0,8,5,2015,1690.0
2015-08-06,34.6,22.5,0.0,8,6,2015,1690.0
2015-08-07,36.0,22.7,40.0,8,7,2015,1730.0
2015-08-11,32.2,21.9,-40.0,8,11,2015,1690.0
2015-08-12,33.1,21.8,50.0,8,12,2015,1740.0
2015-08-13,32.0,19.1,0.0,8,13,2015,1740.0
2015-08-18,32.4,18.9,-100.0,8,18,2015,1640.0
2015-08-19,30.7,19.9,-110.0,8,19,2015,1530.0
2015-08-20,30.9,21.7,0.0,8,20,2015,1530.0
2015-08-21,30.7,20.4,60.0,8,21,2015,1590.0
2015-08-25,23.6,18.8,20.0,8,25,2015,1650.0
2015-08-26,27.3,17.7,160.0,8,26,2015,1810.0
2015-08-27,30.3,15.4,-180.0,8,27,2015,1630.0
2015-08-28,28.4,14.0,-20.0,8,28,2015,1610.0
2015-09-01,28.0,18.3,0.0,9,1,2015,1610.0
2015-09-02,29.0,17.9,-60.0,9,2,2015,1550.0
2015-09-03,29.2,18.2,0.0,9,3,2015,1550.0
2015-09-04,30.7,17.5,40.0,9,4,2015,1590.0
2015-09-08,26.7,10.9,0.0,9,8,2015,1590.0
2015-09-09,26.9,8.6,0.0,9,9,2015,1590.0
2015-09-10,29.6,11.2,0.0,9,10,2015,1590.0
2015-09-11,24.6,14.6,-80.0,9,11,2015,1510.0
2015-09-15,28.2,12.0,-80.0,9,15,2015,1510.0
2015-09-16,26.0,8.5,-40.0,9,16,2015,1470.0
2015-09-17,24.1,11.7,40.0,9,17,2015,1510.0
2015-09-18,27.6,9.1,0.0,9,18,2015,1510.0
2015-09-22,29.8,11.6,0.0,9,22,2015,1510.0
2015-09-23,25.3,12.6,0.0,9,23,2015,1510.0
2015-09-24,29.1,13.6,60.0,9,24,2015,1570.0
2015-09-25,28.2,10.6,50.0,9,25,2015,1620.0
2015-10-01,18.8,12.1,150.0,10,1,2015,1720.0
2015-10-02,21.2,3.9,-60.0,10,2,2015,1660.0
2015-10-06,25.6,8.2,-50.0,10,6,2015,1670.0
2015-10-07,25.7,9.2,0.0,10,7,2015,1670.0
2015-10-08,25.9,11.2,-210.0,10,8,2015,1460.0
2015-10-13,20.7,2.4,-40.0,10,13,2015,1530.0
2015-10-14,23.3,7.6,0.0,10,14,2015,1530.0
2015-10-15,25.5,7.1,-100.0,10,15,2015,1430.0
2015-10-16,25.8,6.9,-110.0,10,16,2015,1320.0
2015-10-20,26.3,9.2,90.0,10,20,2015,1390.0
2015-10-21,23.6,9.4,0.0,10,21,2015,1390.0
2015-10-22,21.6,10.1,-60.0,10,22,2015,1330.0
2015-10-23,19.7,11.4,-110.0,10,23,2015,1220.0
2015-10-27,16.7,4.2,0.0,10,27,2015,1240.0
2015-10-28,16.1,-0.3,50.0,10,28,2015,1290.0
2015-10-29,13.9,-1.9,60.0,10,29,2015,1350.0
2015-10-30,10.5,-1.7,0.0,10,30,2015,1350.0
2015-11-03,18.1,-0.1,0.0,11,3,2015,1350.0
2015-11-04,19.6,0.5,20.0,11,4,2015,1370.0
2015-11-05,19.9,2.1,0.0,11,5,2015,1370.0
2015-11-06,17.1,2.2,0.0,11,6,2015,1370.0
2015-11-10,15.9,7.1,0.0,11,10,2015,1370.0
2015-11-11,17.8,6.4,0.0,11,11,2015,1370.0
2015-11-12,18.6,4.3,0.0,11,12,2015,1370.0
2015-11-13,11.3,7.0,0.0,11,13,2015,1370.0
2015-11-17,19.6,9.6,0.0,11,17,2015,1450.0
2015-11-18,13.0,5.3,-100.0,11,18,2015,1350.0
2015-11-19,10.5,3.4,0.0,11,19,2015,1350.0
2015-11-20,14.3,4.8,230.0,11,20,2015,1580.0
2015-11-24,9.4,3.1,100.0,11,24,2015,1600.0
2015-11-25,5.8,0.8,80.0,11,25,2015,1680.0
2015-11-26,2.4,-2.7,0.0,11,26,2015,1680.0
2015-11-27,1.3,-6.3,150.0,11,27,2015,1830.0
2015-12-01,10.0,-2.9,-100.0,12,1,2015,1770.0
2015-12-02,6.9,-1.5,-40.0,12,2,2015,1730.0
2015-12-03,3.8,-2.7,140.0,12,3,2015,1870.0
2015-12-08,9.9,-3.8,0.0,12,8,2015,1720.0
2015-12-09,9.8,-5.5,0.0,12,9,2015,1720.0
2015-12-10,7.1,-0.9,-150.0,12,10,2015,1570.0
2015-12-11,10.2,-2.8,0.0,12,11,2015,1570.0
2015-12-15,7.4,2.8,0.0,12,15,2015,1570.0
2015-12-16,3.4,-3.8,0.0,12,16,2015,1570.0
2015-12-17,0.1,-9.1,150.0,12,17,2015,1720.0
2015-12-18,-0.9,-11.9,-100.0,12,18,2015,1620.0
2015-12-22,7.8,-3.1,0.0,12,22,2015,1670.0
2015-12-23,5.2,0.0,0.0,12,23,2015,1670.0
2015-12-24,4.6,-2.3,-50.0,12,24,2015,1620.0
2015-12-29,2.2,-14.5,50.0,12,29,2015,1670.0
2015-12-30,5.7,-10.4,0.0,12,30,2015,1670.0
2015-12-31,4.8,-4.5,0.0,12,31,2015,1670.0
2016-01-05,2.5,-7.6,40.0,1,5,2016,1730.0
2016-01-06,2.3,-10.8,0.0,1,6,2016,1730.0
2016-01-07,2.6,-10.9,0.0,1,7,2016,1730.0
2016-01-08,1.7,-12.7,0.0,1,8,2016,1730.0
2016-01-12,1.9,-14.9,0.0,1,12,2016,1670.0
2016-01-13,0.6,-13.9,0.0,1,13,2016,1670.0
2016-01-14,0.9,-13.3,0.0,1,14,2016,1670.0
2016-01-15,3.5,-9.6,-40.0,1,15,2016,1630.0
2016-01-19,-7.6,-15.7,130.0,1,19,2016,1800.0
2016-01-20,-4.3,-19.0,170.0,1,20,2016,1970.0
2016-01-21,-1.1,-14.7,-60.0,1,21,2016,1910.0
2016-01-22,-1.5,-17.3,20.0,1,22,2016,1930.0
2016-01-26,0.3,-16.8,310.0,1,26,2016,2660.0
2016-01-27,4.7,-11.6,-50.0,1,27,2016,2610.0
2016-01-28,4.6,-13.3,150.0,1,28,2016,2760.0
2016-01-29,6.5,-5.7,200.0,1,29,2016,2960.0
2016-02-02,2.0,-16.5,0.0,2,2,2016,3000.0
2016-02-03,3.8,-16.5,80.0,2,3,2016,3080.0
2016-02-04,5.8,-10.5,20.0,2,4,2016,3100.0
2016-02-05,3.9,-13.6,0.0,2,5,2016,3100.0
2016-02-12,6.3,2.1,-200.0,2,12,2016,2700.0
2016-02-16,0.4,-9.4,-100.0,2,16,2016,2660.0
2016-02-17,5.2,-13.1,0.0,2,17,2016,2660.0
2016-02-18,7.6,-5.8,100.0,2,18,2016,2760.0
2016-02-19,5.5,-2.2,100.0,2,19,2016,2860.0
2016-02-23,6.4,-4.3,0.0,2,23,2016,2710.0
2016-02-24,3.6,-9.1,-40.0,2,24,2016,2670.0
2016-02-25,4.7,-10.4,0.0,2,25,2016,2670.0
2016-02-26,6.9,-6.1,-40.0,2,26,2016,2630.0
2016-03-03,12.6,-1.3,0.0,3,3,2016,2420.0
2016-03-04,19.6,-1.3,50.0,3,4,2016,2470.0
2016-03-08,7.1,-1.0,-50.0,3,8,2016,2500.0
2016-03-09,8.9,-3.0,240.0,3,9,2016,2740.0
2016-03-10,4.6,-4.6,-40.0,3,10,2016,2700.0
2016-03-11,5.5,-7.9,-50.0,3,11,2016,2650.0
2016-03-15,13.6,-5.5,-60.0,3,15,2016,2500.0
2016-03-16,16.0,-0.2,-100.0,3,16,2016,2400.0
2016-03-17,16.5,-3.9,-40.0,3,17,2016,2360.0
2016-03-18,19.9,2.5,0.0,3,18,2016,2360.0
2016-03-22,16.0,-2.0,-20.0,3,22,2016,2160.0
2016-03-23,13.5,0.3,-40.0,3,23,2016,2120.0
2016-03-24,12.6,-2.0,-40.0,3,24,2016,2080.0
2016-03-25,11.0,0.1,20.0,3,25,2016,2100.0
2016-03-29,18.7,-0.2,-80.0,3,29,2016,1980.0
2016-03-30,19.3,2.1,-60.0,3,30,2016,1920.0
2016-03-31,22.0,-1.5,0.0,3,31,2016,1920.0
2016-04-01,25.4,-0.7,0.0,4,1,2016,1920.0
2016-04-05,20.2,-0.4,-60.0,4,5,2016,2010.0
2016-04-06,23.5,1.1,0.0,4,6,2016,2010.0
2016-04-07,21.2,8.4,50.0,4,7,2016,2060.0
2016-04-08,21.4,5.4,-120.0,4,8,2016,1940.0
2016-04-12,21.1,3.0,40.0,4,12,2016,2050.0
2016-04-15,23.6,2.6,20.0,4,15,2016,2070.0
2016-04-19,19.1,6.8,0.0,4,19,2016,2070.0
2016-04-20,20.3,7.0,0.0,4,20,2016,2070.0
2016-04-21,18.8,10.3,0.0,4,21,2016,2070.0
2016-04-22,24.7,10.7,0.0,4,22,2016,2070.0
2016-04-26,29.2,6.4,-210.0,4,26,2016,1780.0
2016-04-27,19.1,9.7,0.0,4,27,2016,1780.0
2016-04-28,24.3,7.5,-20.0,4,28,2016,1760.0
2016-04-29,23.2,7.7,80.0,4,29,2016,1840.0
2016-05-03,18.9,9.4,140.0,5,3,2016,2140.0
2016-05-04,20.9,9.3,-150.0,5,4,2016,1990.0
2016-05-10,16.1,11.8,50.0,5,10,2016,2040.0
2016-05-11,24.4,10.2,0.0,5,11,2016,2040.0
2016-05-12,25.3,9.7,50.0,5,12,2016,2090.0
2016-05-13,24.8,11.0,-50.0,5,13,2016,2040.0
2016-05-17,27.8,5.6,-140.0,5,17,2016,1910.0
2016-05-18,30.3,8.8,-80.0,5,18,2016,1830.0
2016-05-19,31.5,9.3,130.0,5,19,2016,1960.0
2016-05-20,31.1,9.7,-80.0,5,20,2016,1880.0
2016-05-24,20.2,13.7,0.0,5,24,2016,1860.0
2016-05-25,24.6,12.6,0.0,5,25,2016,1860.0
2016-05-26,22.9,15.2,80.0,5,26,2016,1940.0
2016-05-27,27.8,13.9,-130.0,5,27,2016,1810.0
2016-05-31,28.2,12.1,80.0,5,31,2016,1830.0
2016-06-01,28.0,12.0,20.0,6,1,2016,1850.0
2016-06-02,28.9,8.7,-100.0,6,2,2016,1750.0
2016-06-03,28.7,11.9,0.0,6,3,2016,1750.0
2016-06-08,27.5,16.4,-40.0,6,8,2016,1650.0
2016-06-09,31.3,16.2,0.0,6,9,2016,1650.0
2016-06-10,32.0,14.4,-90.0,6,10,2016,1560.0
2016-06-14,30.2,17.2,0.0,6,14,2016,1540.0
2016-06-15,24.0,17.7,-80.0,6,15,2016,1460.0
2016-06-16,24.7,17.6,0.0,6,16,2016,1460.0
2016-06-17,28.8,16.2,-40.0,6,17,2016,1420.0
2016-06-21,30.7,16.7,0.0,6,21,2016,1460.0
2016-06-22,30.9,17.6,0.0,6,22,2016,1460.0
2016-06-23,29.5,18.1,20.0,6,23,2016,1480.0
2016-06-24,25.3,18.6,0.0,6,24,2016,1480.0
2016-06-28,30.6,15.0,20.0,6,28,2016,1420.0
2016-06-29,30.1,18.0,-60.0,6,29,2016,1360.0
2016-06-30,29.9,20.6,-80.0,6,30,2016,1280.0
2016-07-01,26.8,21.7,60.0,7,1,2016,1340.0
2016-07-05,22.1,17.9,0.0,7,5,2016,1400.0
2016-07-06,27.4,17.3,0.0,7,6,2016,1400.0
2016-07-07,28.3,18.9,0.0,7,7,2016,1400.0
2016-07-08,32.4,18.9,0.0,7,8,2016,1400.0
2016-07-12,28.8,21.8,0.0,7,12,2016,1360.0
2016-07-13,29.7,21.9,-40.0,7,13,2016,1320.0
2016-07-14,29.9,19.2,-80.0,7,14,2016,1240.0
2016-07-15,29.0,17.6,-10.0,7,15,2016,1230.0
2016-07-19,32.1,19.4,-40.0,7,19,2016,1260.0
2016-07-20,32.8,18.8,0.0,7,20,2016,1260.0
2016-07-21,32.2,20.3,-90.0,7,21,2016,1170.0
2016-07-22,33.4,19.4,-60.0,7,22,2016,1110.0
2016-07-26,32.0,23.8,0.0,7,26,2016,1110.0
2016-07-27,28.3,22.4,-40.0,7,27,2016,1070.0
2016-07-28,32.5,22.4,0.0,7,28,2016,1070.0
2016-07-29,28.5,22.1,0.0,7,29,2016,1070.0
2016-08-02,32.2,22.0,0.0,8,2,2016,1070.0
2016-08-03,33.7,22.5,30.0,8,3,2016,1100.0
2016-08-04,34.6,21.7,120.0,8,4,2016,1220.0
2016-08-05,35.0,19.6,220.0,8,5,2016,1440.0
2016-08-09,34.0,21.8,-100.0,8,9,2016,1460.0
2016-08-10,33.2,23.2,-80.0,8,10,2016,1380.0
2016-08-11,35.0,22.9,0.0,8,11,2016,1380.0
2016-08-12,35.6,22.2,0.0,8,12,2016,1380.0
2016-08-17,34.0,21.8,-50.0,8,17,2016,1530.0
2016-08-18,33.9,21.8,80.0,8,18,2016,1610.0
2016-08-19,32.1,22.6,100.0,8,19,2016,1710.0
2016-08-23,33.7,20.3,0.0,8,23,2016,1760.0
2016-08-24,32.7,21.4,-40.0,8,24,2016,1720.0
2016-08-25,32.1,20.5,0.0,8,25,2016,1720.0
2016-08-26,26.2,12.7,0.0,8,26,2016,1720.0
2016-08-30,22.8,14.5,160.0,8,30,2016,2060.0
2016-08-31,18.8,15.5,-100.0,8,31,2016,1960.0
2016-09-01,27.9,14.0,180.0,9,1,2016,2140.0
2016-09-02,27.4,17.3,0.0,9,2,2016,2140.0
2016-09-06,28.6,19.2,-80.0,9,6,2016,2140.0
2016-09-07,29.1,18.6,-160.0,9,7,2016,1980.0
2016-09-08,28.3,17.6,-40.0,9,8,2016,1940.0
2016-09-09,28.4,17.5,-120.0,9,9,2016,1820.0
2016-09-13,28.9,17.3,520.0,9,13,2016,2340.0
2016-09-20,24.0,8.8,220.0,9,20,2016,2180.0
2016-09-21,23.7,8.0,140.0,9,21,2016,2320.0
2016-09-22,26.5,11.8,-50.0,9,22,2016,2270.0
2016-09-23,26.7,11.7,-100.0,9,23,2016,2170.0
2016-09-27,20.9,16.5,-30.0,9,27,2016,2080.0
2016-09-28,23.0,18.0,-110.0,9,28,2016,1970.0
2016-09-29,22.1,14.6,-150.0,9,29,2016,1820.0
2016-09-30,23.6,14.2,50.0,9,30,2016,1870.0
2016-10-05,23.7,13.7,0.0,10,5,2016,1870.0
2016-10-06,24.4,12.9,180.0,10,6,2016,2050.0
2016-10-07,24.3,12.5,0.0,10,7,2016,2050.0
2016-10-11,20.5,5.2,-40.0,10,11,2016,2010.0
2016-10-12,21.3,7.4,0.0,10,12,2016,2010.0
2016-10-13,21.6,5.7,0.0,10,13,2016,2010.0
2016-10-14,22.6,5.5,40.0,10,14,2016,2050.0
2016-10-18,23.0,11.0,0.0,10,18,2016,2010.0
2016-10-19,24.2,10.3,0.0,10,19,2016,2010.0
2016-10-20,25.5,9.5,-100.0,10,20,2016,1910.0
2016-10-21,20.8,12.9,-50.0,10,21,2016,1860.0
2016-10-25,14.3,10.5,20.0,10,25,2016,1880.0
2016-10-26,15.2,9.7,52.0,10,26,2016,1932.0
2016-10-27,21.2,9.0,-32.0,10,27,2016,1900.0
2016-10-28,18.4,9.2,-100.0,10,28,2016,1800.0
2016-11-01,8.7,-4.7,0.0,11,1,2016,1930.0
2016-11-02,10.6,-6.7,60.0,11,2,2016,1990.0
2016-11-03,12.5,2.7,50.0,11,3,2016,2040.0
2016-11-04,15.1,1.3,-20.0,11,4,2016,2020.0
2016-11-08,10.9,-1.9,-10.0,11,8,2016,2010.0
2016-11-09,9.8,-4.2,0.0,11,9,2016,2010.0
2016-11-10,9.2,-1.8,-40.0,11,10,2016,1970.0
2016-11-11,14.0,0.9,0.0,11,11,2016,1970.0
2016-11-15,12.9,-1.4,40.0,11,15,2016,2020.0
2016-11-16,11.8,-4.0,0.0,11,16,2016,2020.0
2016-11-17,15.9,-2.4,-80.0,11,17,2016,1940.0
2016-11-18,13.7,-1.9,190.0,11,18,2016,2130.0
2016-11-22,7.9,-1.0,20.0,11,22,2016,2150.0
2016-11-23,6.3,-5.1,0.0,11,23,2016,2150.0
2016-11-24,3.3,-9.3,40.0,11,24,2016,2190.0
2016-11-25,6.5,-9.7,-20.0,11,25,2016,2170.0
2016-11-29,8.5,-7.7,0.0,11,29,2016,2170.0
2016-11-30,9.3,-4.8,-50.0,11,30,2016,2120.0
2016-12-01,8.3,-4.9,20.0,12,1,2016,2140.0
2016-12-06,4.3,-7.2,0.0,12,6,2016,2140.0
2016-12-07,3.7,-7.9,0.0,12,7,2016,2140.0
2016-12-08,5.6,-6.7,20.0,12,8,2016,2160.0
2016-12-09,5.4,-5.5,20.0,12,9,2016,2180.0
2016-12-13,8.7,-4.3,0.0,12,13,2016,2180.0
2016-12-14,1.5,-3.0,0.0,12,14,2016,2180.0
2016-12-15,-0.3,-11.9,-40.0,12,15,2016,2140.0
2016-12-16,-0.3,-15.5,0.0,12,16,2016,2140.0
2016-12-20,13.5,-1.1,160.0,12,20,2016,2280.0
2016-12-21,8.6,-0.6,120.0,12,21,2016,2400.0
2016-12-22,9.7,3.7,0.0,12,22,2016,2400.0
2016-12-23,4.0,-2.3,-160.0,12,23,2016,2240.0
2016-12-27,2.5,-7.0,0.0,12,27,2016,2240.0
2016-12-28,2.5,-9.5,-40.0,12,28,2016,2200.0
2016-12-29,-0.3,-9.3,40.0,12,29,2016,2240.0
2016-12-30,1.4,-12.9,40.0,12,30,2016,2280.0
2017-01-03,7.3,-4.3,60.0,1,3,2017,2320.0
2017-01-04,10.3,-4.3,-80.0,1,4,2017,2240.0
2017-01-05,8.1,-5.1,-40.0,1,5,2017,2200.0
2017-01-06,10.5,-2.9,0.0,1,6,2017,2200.0
2017-01-10,3.1,-8.3,0.0,1,10,2017,2130.0
2017-01-11,1.2,-12.5,-20.0,1,11,2017,2110.0
2017-01-12,3.4,-8.7,-160.0,1,12,2017,1950.0
2017-01-13,-0.9,-11.0,50.0,1,13,2017,2000.0
2017-01-17,4.7,-14.2,0.0,1,17,2017,1950.0
2017-01-18,3.8,-10.7,0.0,1,18,2017,1950.0
2017-01-19,5.9,-9.8,0.0,1,19,2017,1950.0
2017-01-20,-0.4,-12.3,210.0,1,20,2017,2160.0
2017-01-24,-0.9,-20.0,40.0,1,24,2017,2220.0
2017-01-25,1.2,-18.7,0.0,1,25,2017,2220.0
2017-01-26,2.9,-16.9,-40.0,1,26,2017,2180.0
2017-02-01,2.1,-14.7,0.0,2,1,2017,2180.0
2017-02-02,3.2,-17.2,-20.0,2,2,2017,2160.0
2017-02-03,6.9,-6.6,0.0,2,3,2017,2160.0
2017-02-07,4.0,-11.3,-40.0,2,7,2017,2080.0
2017-02-08,2.5,-9.6,0.0,2,8,2017,2080.0
2017-02-09,-0.4,-10.9,0.0,2,9,2017,2080.0
2017-02-10,-1.9,-12.2,0.0,2,10,2017,2080.0
2017-02-14,6.6,-10.5,20.0,2,14,2017,2140.0
2017-02-15,8.2,-10.5,0.0,2,15,2017,2140.0
2017-02-16,11.6,-8.3,0.0,2,16,2017,2140.0
2017-02-17,8.2,-1.6,0.0,2,17,2017,2140.0
2017-02-21,7.4,-10.2,0.0,2,21,2017,2340.0
2017-02-22,2.9,-3.8,20.0,2,22,2017,2360.0
2017-02-23,4.4,-4.9,-80.0,2,23,2017,2280.0
2017-02-24,5.1,-9.3,80.0,2,24,2017,2360.0
2017-02-28,12.3,-6.9,-20.0,2,28,2017,2360.0
2017-03-03,10.0,-6.5,20.0,3,3,2017,2500.0
2017-03-07,3.9,-5.5,-80.0,3,7,2017,2740.0
2017-03-08,5.4,-8.8,-20.0,3,8,2017,2720.0
2017-03-09,10.3,-6.3,-40.0,3,9,2017,2680.0
2017-03-10,12.1,-6.8,-20.0,3,10,2017,2660.0
2017-03-14,11.5,-4.7,-60.0,3,14,2017,2560.0
2017-03-15,12.6,-6.6,-160.0,3,15,2017,2400.0
2017-03-16,13.8,-6.3,80.0,3,16,2017,2480.0
2017-03-17,16.2,-5.3,-60.0,3,17,2017,2420.0
2017-03-21,10.4,-0.4,80.0,3,21,2017,2380.0
2017-03-22,14.7,-4.7,60.0,3,22,2017,2440.0
2017-03-23,14.9,-1.7,-40.0,3,23,2017,2400.0
2017-03-24,14.0,-3.4,0.0,3,24,2017,2400.0
2017-03-28,11.0,1.2,-80.0,3,28,2017,2240.0
2017-03-29,15.4,-0.7,40.0,3,29,2017,2280.0
2017-03-30,18.9,-2.4,100.0,3,30,2017,2380.0
2017-03-31,7.5,4.9,-60.0,3,31,2017,2320.0
2017-04-04,21.9,-0.8,-170.0,4,4,2017,2060.0
2017-04-05,15.8,6.2,0.0,4,5,2017,2060.0
2017-04-06,17.7,8.3,40.0,4,6,2017,2100.0
2017-04-07,25.3,6.3,-40.0,4,7,2017,2060.0
2017-04-11,21.7,7.9,0.0,4,11,2017,2020.0
2017-04-12,17.1,3.1,-20.0,4,12,2017,2000.0
2017-04-13,20.0,-1.6,-100.0,4,13,2017,1900.0
2017-04-14,20.0,4.3,-80.0,4,14,2017,1820.0
2017-04-18,16.7,6.5,-40.0,4,18,2017,1660.0
2017-04-19,19.4,3.5,0.0,4,19,2017,1660.0
2017-04-20,17.1,6.2,-140.0,4,20,2017,1520.0
2017-04-21,20.2,2.1,0.0,4,21,2017,1520.0
2017-04-25,22.9,7.2,-60.0,4,25,2017,1240.0
2017-04-26,21.4,6.4,0.0,4,26,2017,1240.0
2017-04-27,20.1,1.1,-150.0,4,27,2017,1090.0
2017-04-28,24.0,1.8,0.0,4,28,2017,1090.0
2017-05-11,23.4,10.5,-100.0,5,11,2017,1220.0
2017-05-12,22.9,12.8,0.0,5,12,2017,1220.0
2017-05-16,22.0,9.1,-40.0,5,16,2017,1160.0
2017-05-17,26.6,9.5,-20.0,5,17,2017,1140.0
2017-05-18,27.8,10.3,0.0,5,18,2017,1140.0
2017-05-19,29.5,9.5,0.0,5,19,2017,1140.0
2017-05-23,25.2,11.6,0.0,5,23,2017,1170.0
2017-05-24,27.5,14.3,0.0,5,24,2017,1170.0
2017-05-25,25.6,10.5,-90.0,5,25,2017,1080.0
2017-05-26,21.1,6.4,40.0,5,26,2017,1120.0
2017-05-30,29.0,14.6,0.0,5,30,2017,1120.0
2017-05-31,28.8,11.1,-80.0,5,31,2017,1040.0
2017-06-01,27.2,13.4,0.0,6,1,2017,1040.0
2017-06-02,25.8,10.1,0.0,6,2,2017,1040.0
2017-06-08,25.9,13.2,0.0,6,8,2017,1000.0
2017-06-09,26.7,11.5,-60.0,6,9,2017,940.0
2017-06-13,25.0,11.6,0.0,6,13,2017,950.0
2017-06-14,27.7,14.0,-10.0,6,14,2017,940.0
2017-06-15,30.9,13.0,-10.0,6,15,2017,930.0
2017-06-16,32.0,14.3,0.0,6,16,2017,930.0
2017-06-20,32.0,15.7,50.0,6,20,2017,960.0
2017-06-21,30.5,18.7,-60.0,6,21,2017,900.0
2017-06-22,31.0,15.1,-80.0,6,22,2017,820.0
2017-06-23,33.8,16.8,0.0,6,23,2017,820.0
2017-06-27,31.0,16.9,100.0,6,27,2017,930.0
2017-06-28,32.1,19.8,0.0,6,28,2017,930.0
2017-06-29,31.2,20.2,0.0,6,29,2017,930.0
2017-06-30,31.8,18.2,0.0,6,30,2017,930.0
2017-07-04,32.6,22.4,70.0,7,4,2017,1060.0
2017-07-05,33.6,21.3,-40.0,7,5,2017,1020.0
2017-07-06,33.8,20.0,-40.0,7,6,2017,980.0
2017-07-07,29.9,22.8,-60.0,7,7,2017,920.0
2017-07-11,30.8,21.9,0.0,7,11,2017,920.0
2017-07-12,32.8,22.3,-10.0,7,12,2017,910.0
2017-07-13,32.4,21.6,0.0,7,13,2017,910.0
2017-07-14,33.6,21.6,40.0,7,14,2017,950.0
2017-07-18,29.9,22.7,40.0,7,18,2017,1070.0
2017-07-19,33.2,22.8,0.0,7,19,2017,1070.0
2017-07-20,33.9,23.3,-40.0,7,20,2017,1030.0
2017-07-21,31.7,24.4,0.0,7,21,2017,1030.0
2017-07-25,33.0,22.0,60.0,7,25,2017,1070.0
2017-07-26,33.0,19.4,120.0,7,26,2017,1190.0
2017-07-27,28.4,20.4,60.0,7,27,2017,1250.0
2017-07-28,25.6,22.2,0.0,7,28,2017,1250.0
2017-08-01,32.8,22.4,-20.0,8,1,2017,1210.0
2017-08-02,33.9,22.6,0.0,8,2,2017,1210.0
2017-08-03,33.6,22.0,140.0,8,3,2017,1350.0
2017-08-04,34.5,21.0,60.0,8,4,2017,1410.0
2017-08-08,32.0,20.8,-70.0,8,8,2017,1400.0
2017-08-09,28.5,22.5,60.0,8,9,2017,1460.0
2017-08-10,26.2,22.5,40.0,8,10,2017,1500.0
2017-08-11,30.2,20.5,60.0,8,11,2017,1560.0
2017-08-17,29.0,19.5,0.0,8,17,2017,1860.0
2017-08-18,29.7,20.3,90.0,8,18,2017,1950.0
2017-08-22,31.5,21.8,0.0,8,22,2017,1930.0
2017-08-23,28.8,22.1,-40.0,8,23,2017,1890.0
2017-08-24,29.8,22.6,20.0,8,24,2017,1910.0
2017-08-25,29.9,16.5,-40.0,8,25,2017,1870.0
2017-08-29,25.4,14.3,0.0,8,29,2017,1850.0
2017-08-30,22.0,13.9,80.0,8,30,2017,1930.0
2017-08-31,27.1,13.5,-40.0,8,31,2017,1890.0
2017-09-01,27.9,12.6,0.0,9,1,2017,1890.0
2017-09-05,22.4,14.9,20.0,9,5,2017,1900.0
2017-09-06,22.8,15.5,80.0,9,6,2017,1980.0
2017-09-07,26.4,17.5,0.0,9,7,2017,1980.0
2017-09-08,29.0,16.9,0.0,9,8,2017,1980.0
2017-09-12,27.5,14.3,-40.0,9,12,2017,1860.0
2017-09-13,26.7,12.1,60.0,9,13,2017,1920.0
2017-09-14,27.8,11.7,-20.0,9,14,2017,1900.0
2017-09-15,26.0,11.2,-80.0,9,15,2017,1820.0
2017-09-19,24.8,13.6,0.0,9,19,2017,1780.0
2017-09-20,24.1,9.9,-40.0,9,20,2017,1740.0
2017-09-21,25.2,9.9,-60.0,9,21,2017,1680.0
2017-09-22,25.4,11.3,20.0,9,22,2017,1700.0
2017-09-26,28.6,14.4,-40.0,9,26,2017,1680.0
2017-09-27,24.9,15.5,-40.0,9,27,2017,1640.0
2017-09-28,24.5,9.8,-20.0,9,28,2017,1620.0
2017-09-29,20.9,4.6,-40.0,9,29,2017,1580.0
2017-10-11,20.1,11.9,0.0,10,11,2017,1580.0
2017-10-12,15.5,8.7,-120.0,10,12,2017,1460.0
2017-10-13,18.6,6.6,0.0,10,13,2017,1460.0
2017-10-17,22.5,7.9,-60.0,10,17,2017,1400.0
2017-10-18,17.9,8.5,0.0,10,18,2017,1400.0
2017-10-19,20.3,8.4,-120.0,10,19,2017,1280.0
2017-10-20,22.0,7.1,-80.0,10,20,2017,1200.0
2017-10-24,18.8,2.2,40.0,10,24,2017,1240.0
2017-10-25,19.7,1.7,-40.0,10,25,2017,1200.0
2017-10-26,18.1,4.0,20.0,10,26,2017,1220.0
2017-10-27,23.5,5.8,0.0,10,27,2017,1220.0
2017-10-31,15.9,-4.3,180.0,10,31,2017,1400.0
2017-11-01,15.8,3.3,-20.0,11,1,2017,1380.0
2017-11-02,17.3,8.3,-20.0,11,2,2017,1360.0
2017-11-03,17.5,5.2,0.0,11,3,2017,1360.0
2017-11-07,17.9,2.0,-40.0,11,7,2017,1280.0
2017-11-08,18.5,2.5,0.0,11,8,2017,1280.0
2017-11-09,16.4,-2.3,0.0,11,9,2017,1280.0
2017-11-10,15.0,-1.2,20.0,11,10,2017,1300.0
2017-11-14,11.6,-1.3,10.0,11,14,2017,1300.0
2017-11-15,6.0,-4.0,-20.0,11,15,2017,1280.0
2017-11-16,7.2,-7.6,-20.0,11,16,2017,1260.0
2017-11-17,4.1,-7.7,-20.0,11,17,2017,1240.0
2017-11-21,5.9,-5.8,-20.0,11,21,2017,1220.0
2017-11-22,7.1,-6.0,-60.0,11,22,2017,1160.0
2017-11-23,4.0,-7.9,20.0,11,23,2017,1180.0
2017-11-24,3.1,-6.7,40.0,11,24,2017,1220.0
2017-11-28,10.7,-2.8,20.0,11,28,2017,1180.0
2017-11-29,9.9,-2.7,0.0,11,29,2017,1180.0
2017-11-30,4.1,-5.7,0.0,11,30,2017,1180.0
2017-12-05,-0.6,-11.3,40.0,12,5,2017,1260.0
2017-12-06,4.8,-6.6,0.0,12,6,2017,1260.0
2017-12-07,5.6,-3.6,80.0,12,7,2017,1340.0
2017-12-08,0.7,-10.2,20.0,12,8,2017,1360.0
2017-12-12,-5.2,-18.8,0.0,12,12,2017,1360.0
2017-12-13,-2.9,-19.2,0.0,12,13,2017,1360.0
2017-12-14,-2.6,-18.0,0.0,12,14,2017,1360.0
2017-12-15,-1.6,-14.7,0.0,12,15,2017,1360.0
2017-12-19,-1.3,-14.4,-20.0,12,19,2017,1340.0
2017-12-20,1.1,-17.1,0.0,12,20,2017,1340.0
2017-12-21,3.1,-10.6,0.0,12,21,2017,1340.0
2017-12-22,5.2,-4.0,0.0,12,22,2017,1340.0
2017-12-27,-2.5,-16.6,0.0,12,27,2017,1340.0
2017-12-28,1.8,-15.3,0.0,12,28,2017,1340.0
2017-12-29,6.0,-5.7,0.0,12,29,2017,1340.0
2018-01-03,0.3,-13.6,20.0,1,3,2018,1360.0
2018-01-04,-0.8,-14.9,0.0,1,4,2018,1360.0
2018-01-05,1.6,-10.5,0.0,1,5,2018,1360.0
2018-01-09,-0.4,-9.6,60.0,1,9,2018,1420.0
2018-01-10,-4.0,-14.3,40.0,1,10,2018,1460.0
2018-01-11,-6.6,-18.5,0.0,1,11,2018,1460.0
2018-01-12,-6.1,-20.9,0.0,1,12,2018,1460.0
2018-01-16,6.0,-5.5,-20.0,1,16,2018,1560.0
2018-01-17,7.9,-0.3,0.0,1,17,2018,1560.0
2018-01-18,4.9,-3.1,-20.0,1,18,2018,1540.0
2018-01-19,5.8,-6.1,40.0,1,19,2018,1580.0
2018-01-23,-2.5,-14.8,0.0,1,23,2018,1600.0
2018-01-24,-10.1,-19.2,-40.0,1,24,2018,1560.0
2018-01-25,-8.8,-21.1,100.0,1,25,2018,1660.0
2018-01-26,-9.8,-22.9,20.0,1,26,2018,1680.0
2018-01-30,0.1,-19.0,100.0,1,30,2018,1860.0
2018-01-31,0.1,-9.7,60.0,1,31,2018,1920.0
2018-02-01,2.3,-17.1,20.0,2,1,2018,1940.0
2018-02-02,4.0,-15.4,160.0,2,2,2018,2100.0
2018-02-06,-5.9,-20.0,0.0,2,6,2018,2100.0
2018-02-07,-2.6,-20.2,80.0,2,7,2018,2180.0
2018-02-08,1.9,-18.3,60.0,2,8,2018,2240.0
2018-02-09,4.7,-13.4,0.0,2,9,2018,2240.0
2018-02-13,3.1,-14.2,-20.0,2,13,2018,2160.0
2018-02-14,9.8,-5.1,-80.0,2,14,2018,2080.0
2018-02-20,6.8,-9.5,-40.0,2,20,2018,1900.0
2018-02-21,5.3,-11.1,-20.0,2,21,2018,1880.0
2018-02-22,4.8,-10.5,-100.0,2,22,2018,1780.0
2018-02-23,6.6,-6.2,0.0,2,23,2018,1780.0
2018-02-27,4.0,-6.4,0.0,2,27,2018,1740.0
2018-02-28,4.8,-0.6,0.0,2,28,2018,1740.0
2018-03-06,10.6,-5.9,-40.0,3,6,2018,1700.0
2018-03-07,10.7,-4.2,0.0,3,7,2018,1700.0
2018-03-08,8.5,0.5,-40.0,3,8,2018,1660.0
2018-03-09,9.3,-0.4,-60.0,3,9,2018,1600.0
2018-03-13,19.1,-2.3,-20.0,3,13,2018,1560.0
2018-03-14,21.8,4.8,-60.0,3,14,2018,1500.0
2018-03-15,14.9,4.8,0.0,3,15,2018,1500.0
2018-03-16,7.1,-2.8,-20.0,3,16,2018,1480.0
2018-03-20,6.4,0.9,-40.0,3,20,2018,1440.0
2018-03-21,4.2,0.6,0.0,3,21,2018,1440.0
2018-03-22,13.8,-2.1,0.0,3,22,2018,1440.0
2018-03-23,14.2,-3.9,-140.0,3,23,2018,1300.0
2018-03-27,20.3,1.6,0.0,3,27,2018,1220.0
2018-03-28,21.3,4.3,-20.0,3,28,2018,1200.0
2018-03-29,22.6,6.6,-20.0,3,29,2018,1180.0
2018-03-30,21.4,3.3,-40.0,3,30,2018,1140.0
2018-04-03,23.3,10.1,0.0,4,3,2018,1160.0
2018-04-04,17.6,7.2,-120.0,4,4,2018,1040.0
2018-04-05,7.6,5.5,0.0,4,5,2018,1040.0
2018-04-06,12.7,2.9,-20.0,4,6,2018,1020.0
2018-04-10,22.3,-1.0,-20.0,4,10,2018,1000.0
2018-04-11,18.7,4.3,-40.0,4,11,2018,960.0
2018-04-12,21.0,0.0,-20.0,4,12,2018,940.0
2018-04-13,20.1,1.9,0.0,4,13,2018,940.0
2018-04-17,20.7,0.8,-20.0,4,17,2018,920.0
2018-04-18,22.0,1.4,-80.0,4,18,2018,840.0
2018-04-19,22.8,2.0,0.0,4,19,2018,840.0
2018-04-20,28.9,5.3,-20.0,4,20,2018,820.0
2018-04-24,14.2,3.3,20.0,4,24,2018,840.0
2018-04-25,23.7,-0.3,20.0,4,25,2018,860.0
2018-04-26,23.3,3.4,0.0,4,26,2018,860.0
2018-04-27,23.5,5.1,60.0,4,27,2018,920.0
2018-05-03,14.4,4.4,20.0,5,3,2018,940.0
2018-05-04,21.2,3.0,0.0,5,4,2018,940.0
2018-05-09,20.5,4.3,60.0,5,9,2018,1160.0
2018-05-10,23.1,5.0,40.0,5,10,2018,1200.0
2018-05-11,22.9,7.5,-20.0,5,11,2018,1180.0
2018-05-15,30.8,14.2,-100.0,5,15,2018,1040.0
2018-05-16,22.9,18.1,0.0,5,16,2018,1040.0
2018-05-17,23.7,15.9,-20.0,5,17,2018,1020.0
2018-05-18,16.4,8.5,0.0,5,18,2018,1020.0
2018-05-24,26.3,8.1,20.0,5,24,2018,1260.0
2018-05-25,26.7,9.7,0.0,5,25,2018,1260.0
2018-05-29,27.2,17.4,0.0,5,29,2018,1260.0
2018-05-30,26.7,13.0,0.0,5,30,2018,1260.0
2018-05-31,28.4,10.8,0.0,5,31,2018,1260.0
2018-06-01,31.6,11.6,-20.0,6,1,2018,1240.0
2018-06-05,29.7,16.7,-40.0,6,5,2018,1120.0
2018-06-08,27.6,14.8,20.0,6,8,2018,1140.0
2018-06-12,26.9,15.6,-40.0,6,12,2018,1080.0
2018-06-15,23.4,13.9,0.0,6,15,2018,1040.0
2018-06-19,27.4,15.2,40.0,6,19,2018,1060.0
2018-06-20,30.4,16.2,-60.0,6,20,2018,1000.0
2018-06-21,29.8,15.6,0.0,6,21,2018,1000.0
2018-06-22,33.1,13.2,0.0,6,22,2018,1000.0
2018-06-26,25.2,18.5,0.0,6,26,2018,1000.0
2018-06-27,26.7,20.6,120.0,6,27,2018,1120.0
2018-06-28,28.8,18.6,40.0,6,28,2018,1160.0
2018-06-29,30.0,18.6,0.0,6,29,2018,1160.0
2018-07-03,31.2,21.2,40.0,7,3,2018,1240.0
2018-07-04,32.3,21.0,-20.0,7,4,2018,1220.0
2018-07-05,27.3,20.6,-40.0,7,5,2018,1180.0
2018-07-06,26.2,19.4,-20.0,7,6,2018,1160.0
2018-07-10,27.6,18.0,0.0,7,10,2018,1140.0
2018-07-11,29.9,22.2,0.0,7,11,2018,1140.0
2018-07-12,31.8,23.0,0.0,7,12,2018,1140.0
2018-07-13,31.6,22.3,40.0,7,13,2018,1180.0
2018-07-17,32.9,21.2,-40.0,7,17,2018,1180.0
2018-07-18,33.7,20.9,100.0,7,18,2018,1280.0
2018-07-19,34.2,20.8,-20.0,7,19,2018,1260.0
2018-07-20,34.4,20.7,-80.0,7,20,2018,1180.0
2018-07-24,36.9,23.9,40.0,7,24,2018,1220.0
2018-07-25,34.3,25.1,-20.0,7,25,2018,1200.0
2018-07-26,34.4,23.7,-40.0,7,26,2018,1160.0
2018-07-27,36.6,24.0,20.0,7,27,2018,1180.0
2018-07-31,37.2,21.1,100.0,7,31,2018,1340.0
2018-08-01,39.6,21.7,20.0,8,1,2018,1360.0
2018-08-02,38.0,23.2,-20.0,8,2,2018,1340.0
2018-08-03,38.1,24.8,140.0,8,3,2018,1480.0
2018-08-07,35.9,23.1,-40.0,8,7,2018,1480.0
2018-08-08,35.0,24.2,-40.0,8,8,2018,1440.0
2018-08-09,32.2,24.4,-40.0,8,9,2018,1400.0
2018-08-10,34.7,22.7,120.0,8,10,2018,1520.0
2018-08-14,36.2,25.0,0.0,8,14,2018,1600.0
2018-08-17,29.4,14.4,-40.0,8,17,2018,1580.0
2018-08-21,29.2,20.5,40.0,8,21,2018,1620.0
2018-08-22,36.7,20.3,200.0,8,22,2018,1820.0
2018-08-23,30.4,22.4,280.0,8,23,2018,2100.0
2018-08-24,25.6,22.6,40.0,8,24,2018,2140.0
2018-08-28,26.0,20.3,-32.0,8,28,2018,2480.0
2018-08-29,24.8,21.2,-180.0,8,29,2018,2300.0
2018-08-30,29.2,21.2,0.0,8,30,2018,2300.0
2018-08-31,29.0,18.8,160.0,8,31,2018,2460.0
2018-09-04,28.0,17.2,160.0,9,4,2018,2660.0
2018-09-05,28.2,14.5,60.0,9,5,2018,2720.0
2018-09-06,26.9,14.3,0.0,9,6,2018,2720.0
2018-09-07,25.4,14.0,0.0,9,7,2018,2720.0
2018-09-11,26.2,9.4,-60.0,9,11,2018,2640.0
2018-09-12,27.4,11.3,-20.0,9,12,2018,2620.0
2018-09-13,27.0,14.6,-40.0,9,13,2018,2580.0
2018-09-14,25.8,16.4,-80.0,9,14,2018,2500.0
2018-09-18,26.5,13.4,-80.0,9,18,2018,2460.0
2018-09-19,26.3,13.5,-220.0,9,19,2018,2240.0
2018-09-20,20.3,16.5,0.0,9,20,2018,2240.0
2018-09-21,20.8,16.9,0.0,9,21,2018,2240.0
2018-09-28,20.7,7.2,-180.0,9,28,2018,2200.0
2018-10-02,20.3,6.4,40.0,10,2,2018,2260.0
2018-10-05,17.3,11.9,80.0,10,5,2018,2220.0
2018-10-11,14.0,1.9,-60.0,10,11,2018,2180.0
2018-10-12,17.1,1.2,-140.0,10,12,2018,2040.0
2018-10-16,19.5,5.9,0.0,10,16,2018,1960.0
2018-10-17,19.5,4.4,-240.0,10,17,2018,1720.0
2018-10-18,15.6,3.7,-100.0,10,18,2018,1620.0
2018-10-19,19.4,3.8,0.0,10,19,2018,1620.0
2018-10-23,14.3,3.4,60.0,10,23,2018,1660.0
2018-10-24,17.8,4.6,40.0,10,24,2018,1700.0
2018-10-25,21.1,3.6,-20.0,10,25,2018,1680.0
2018-10-26,11.9,5.3,-60.0,10,26,2018,1620.0
2018-10-30,11.9,-2.7,0.0,10,30,2018,1600.0
2018-10-31,13.5,-1.9,80.0,10,31,2018,1680.0
2018-11-01,15.0,-2.7,0.0,11,1,2018,1680.0
2018-11-02,18.8,-2.1,-100.0,11,2,2018,1580.0
2018-11-06,18.4,1.1,-40.0,11,6,2018,1520.0
2018-11-07,13.4,6.9,40.0,11,7,2018,1560.0
2018-11-08,12.0,9.6,40.0,11,8,2018,1600.0
2018-11-09,15.4,6.7,80.0,11,9,2018,1680.0
2018-11-13,15.8,2.0,-20.0,11,13,2018,1700.0
2018-11-14,15.8,0.7,0.0,11,14,2018,1700.0
2018-11-15,15.4,-0.5,-20.0,11,15,2018,1680.0
2018-11-16,14.2,0.7,0.0,11,16,2018,1680.0
2018-11-20,11.5,-4.7,0.0,11,20,2018,1580.0
2018-11-21,9.3,0.1,-20.0,11,21,2018,1560.0
2018-11-22,6.9,-4.8,-40.0,11,22,2018,1520.0
2018-11-23,6.2,-7.6,-20.0,11,23,2018,1500.0
2018-11-27,7.9,-0.2,0.0,11,27,2018,1500.0
2018-11-28,10.4,-3.3,0.0,11,28,2018,1500.0
2018-11-29,5.8,-4.9,-100.0,11,29,2018,1400.0
2018-11-30,8.9,-6.5,-160.0,11,30,2018,1240.0
2018-12-04,12.5,1.2,20.0,12,4,2018,1320.0
2018-12-05,4.2,-5.2,20.0,12,5,2018,1340.0
2018-12-06,6.8,-0.5,0.0,12,6,2018,1340.0
2018-12-11,-1.2,-8.9,0.0,12,11,2018,1420.0
2018-12-12,2.8,-10.4,0.0,12,12,2018,1420.0
2018-12-13,1.4,-11.1,-40.0,12,13,2018,1380.0
2018-12-14,0.7,-13.9,0.0,12,14,2018,1380.0
2018-12-18,5.5,-10.6,0.0,12,18,2018,1380.0
2018-12-19,9.3,-6.7,-80.0,12,19,2018,1300.0
2018-12-20,9.6,-7.8,-40.0,12,20,2018,1260.0
2018-12-21,6.6,-7.8,0.0,12,21,2018,1260.0
2018-12-27,-4.4,-12.3,80.0,12,27,2018,1300.0
2018-12-28,-6.2,-17.8,0.0,12,28,2018,1300.0
2019-01-03,-12.5,-14.2,120.0,1,3,2019,1420.0
2019-01-04,0.0,0.0,60.0,1,4,2019,1480.0
2019-01-08,0.0,0.0,-40.0,1,8,2019,1440.0
2019-01-09,0.1,-10.2,-80.0,1,9,2019,1360.0
2019-01-10,4.1,-9.8,-40.0,1,10,2019,1320.0
2019-01-11,6.8,-10.0,-20.0,1,11,2019,1300.0
2019-01-15,2.2,-8.6,-40.0,1,15,2019,1220.0
2019-01-16,-1.3,-14.8,20.0,1,16,2019,1240.0
2019-01-17,4.3,-9.6,0.0,1,17,2019,1240.0
2019-01-18,6.2,-13.7,-20.0,1,18,2019,1220.0
2019-01-22,6.3,-11.4,20.0,1,22,2019,1180.0
2019-01-23,7.6,-9.6,-20.0,1,23,2019,1160.0
2019-01-24,6.6,-12.9,0.0,1,24,2019,1160.0
2019-01-25,3.5,-12.8,-20.0,1,25,2019,1140.0
2019-01-29,6.7,-13.2,0.0,1,29,2019,1200.0
2019-01-30,7.1,-9.8,60.0,1,30,2019,1260.0
2019-01-31,3.6,-9.5,20.0,1,31,2019,1280.0
2019-02-01,3.6,-14.8,60.0,2,1,2019,1340.0
2019-02-08,1.1,-9.9,-60.0,2,8,2019,1240.0
2019-02-12,4.1,-9.9,-20.0,2,12,2019,1240.0
2019-02-13,3.1,-10.8,40.0,2,13,2019,1280.0
2019-02-14,6.1,-10.5,-40.0,2,14,2019,1240.0
2019-02-15,1.2,-4.1,0.0,2,15,2019,1240.0
2019-02-19,2.2,-1.4,0.0,2,19,2019,1160.0
2019-02-20,3.6,-3.9,40.0,2,20,2019,1200.0
2019-02-21,7.9,-5.8,40.0,2,21,2019,1240.0
2019-02-22,11.1,-5.3,0.0,2,22,2019,1240.0
2019-02-26,12.3,-6.4,-20.0,2,26,2019,1180.0
2019-02-27,13.5,-0.4,40.0,2,27,2019,1220.0
2019-02-28,13.0,-3.8,0.0,2,28,2019,1220.0
2019-03-05,12.7,-2.6,-120.0,3,5,2019,1060.0
2019-03-06,12.3,-0.6,-40.0,3,6,2019,1020.0
2019-03-07,13.0,-1.5,0.0,3,7,2019,1020.0
2019-03-08,14.3,-5.0,-40.0,3,8,2019,980.0
2019-03-12,6.8,-1.4,0.0,3,12,2019,980.0
2019-03-13,8.2,-6.3,20.0,3,13,2019,1000.0
2019-03-14,8.2,-7.7,-20.0,3,14,2019,980.0
2019-03-15,11.1,-2.9,-20.0,3,15,2019,960.0
2019-03-19,18.4,-2.8,0.0,3,19,2019,920.0
2019-03-20,15.9,-0.3,0.0,3,20,2019,920.0
2019-03-21,12.7,-0.5,-60.0,3,21,2019,860.0
2019-03-22,9.4,-2.6,-20.0,3,22,2019,840.0
2019-03-26,17.8,-1.3,0.0,3,26,2019,820.0
2019-03-27,17.7,-0.4,0.0,3,27,2019,820.0
2019-03-28,16.0,3.6,0.0,3,28,2019,820.0
2019-03-29,16.0,4.3,0.0,3,29,2019,820.0
2019-04-02,12.3,-4.9,20.0,4,2,2019,860.0
2019-04-03,14.0,-4.6,20.0,4,3,2019,880.0
2019-04-04,17.8,-3.9,-80.0,4,4,2019,800.0
2019-04-05,19.0,2.8,-20.0,4,5,2019,780.0
2019-04-09,14.2,0.2,60.0,4,9,2019,860.0
2019-04-10,10.4,2.7,0.0,4,10,2019,860.0
2019-04-11,15.6,0.8,-20.0,4,11,2019,840.0
2019-04-12,18.6,2.4,20.0,4,12,2019,860.0
2019-04-16,23.0,-1.4,-20.0,4,16,2019,820.0
2019-04-17,23.9,1.7,20.0,4,17,2019,840.0
2019-04-18,17.3,4.4,0.0,4,18,2019,840.0
2019-04-19,18.2,5.6,-40.0,4,19,2019,800.0
2019-04-23,27.2,8.9,0.0,4,23,2019,800.0
2019-04-24,25.9,13.9,80.0,4,24,2019,880.0
2019-04-25,17.8,7.5,0.0,4,25,2019,880.0
2019-04-26,11.0,3.4,0.0,4,26,2019,880.0
2019-04-30,24.1,5.1,40.0,4,30,2019,900.0
2019-05-03,28.0,3.3,-20.0,5,3,2019,880.0
2019-05-08,23.1,2.6,20.0,5,8,2019,960.0
2019-05-09,24.2,7.5,0.0,5,9,2019,960.0
2019-05-10,28.7,4.0,0.0,5,10,2019,960.0
2019-05-14,27.0,9.7,40.0,5,14,2019,1000.0
2019-05-15,27.4,8.8,60.0,5,15,2019,1060.0
2019-05-16,29.7,11.3,40.0,5,16,2019,1100.0
2019-05-17,27.8,11.6,40.0,5,17,2019,1140.0
2019-05-21,24.3,5.7,-40.0,5,21,2019,1160.0
2019-05-22,27.4,6.0,0.0,5,22,2019,1160.0
2019-05-23,29.1,7.0,-40.0,5,23,2019,1120.0
2019-05-24,33.6,8.9,0.0,5,24,2019,1120.0
2019-05-28,25.0,8.7,40.0,5,28,2019,1180.0
2019-05-29,27.4,6.6,-20.0,5,29,2019,1160.0
2019-05-30,26.0,7.5,60.0,5,30,2019,1220.0
2019-05-31,24.5,12.5,80.0,5,31,2019,1300.0
2019-06-04,30.8,13.0,-140.0,6,4,2019,1140.0
2019-06-05,31.3,13.8,-60.0,6,5,2019,1080.0
2019-06-11,24.5,10.1,0.0,6,11,2019,1160.0
2019-06-12,28.3,10.9,0.0,6,12,2019,1160.0
2019-06-13,29.2,14.1,-20.0,6,13,2019,1140.0
2019-06-14,27.6,15.3,0.0,6,14,2019,1140.0
2019-06-18,22.2,15.3,0.0,6,18,2019,1140.0
2019-06-19,24.6,17.9,0.0,6,19,2019,1140.0
2019-06-20,28.4,17.5,-40.0,6,20,2019,1100.0
2019-06-21,28.3,16.1,0.0,6,21,2019,1100.0
2019-06-25,32.4,15.9,20.0,6,25,2019,1120.0
2019-06-26,28.4,16.1,0.0,6,26,2019,1120.0
2019-06-27,31.3,19.2,60.0,6,27,2019,1180.0
2019-06-28,30.2,21.0,160.0,6,28,2019,1340.0
2019-07-02,29.9,15.1,0.0,7,2,2019,1220.0
2019-07-03,30.5,15.6,-100.0,7,3,2019,1120.0
2019-07-04,33.6,15.7,0.0,7,4,2019,1120.0
2019-07-05,34.6,16.1,0.0,7,5,2019,1120.0
2019-07-09,26.4,13.7,0.0,7,9,2019,1160.0
2019-07-10,24.0,16.2,60.0,7,10,2019,1220.0
2019-07-11,24.8,18.4,146.0,7,11,2019,1366.0
2019-07-12,27.9,18.3,20.0,7,12,2019,1386.0
2019-07-16,29.5,19.2,0.0,7,16,2019,1366.0
2019-07-17,29.2,19.7,-20.0,7,17,2019,1346.0
2019-07-18,32.2,21.2,20.0,7,18,2019,1366.0
2019-07-19,33.8,20.2,0.0,7,19,2019,1366.0
2019-07-23,32.1,21.9,-106.0,7,23,2019,1260.0
2019-07-24,28.8,24.0,0.0,7,24,2019,1260.0
2019-07-25,28.8,24.2,0.0,7,25,2019,1260.0
2019-07-26,26.0,23.2,-10.0,7,26,2019,1250.0
2019-07-30,30.6,23.8,0.0,7,30,2019,1420.0
2019-07-31,27.9,23.3,0.0,7,31,2019,1420.0
2019-08-01,31.2,23.3,100.0,8,1,2019,1520.0
2019-08-02,34.4,23.1,100.0,8,2,2019,1620.0
2019-08-06,34.2,23.2,40.0,8,6,2019,1700.0
2019-08-07,27.7,22.3,0.0,8,7,2019,1700.0
2019-08-08,32.8,21.9,150.0,8,8,2019,1850.0
2019-08-09,33.4,22.3,0.0,8,9,2019,1850.0
2019-08-13,34.9,23.9,-80.0,8,13,2019,1580.0
2019-08-14,34.1,22.5,-100.0,8,14,2019,1480.0
2019-08-20,32.2,18.6,20.0,8,20,2019,1540.0
2019-08-21,30.2,19.7,-140.0,8,21,2019,1400.0
2019-08-22,31.1,20.6,-60.0,8,22,2019,1340.0
2019-08-23,28.9,17.7,0.0,8,23,2019,1340.0
2019-08-27,29.8,20.2,-40.0,8,27,2019,1260.0
2019-08-28,28.6,18.9,0.0,8,28,2019,1260.0
2019-08-29,26.1,18.2,40.0,8,29,2019,1300.0
2019-08-30,27.5,16.8,0.0,8,30,2019,1300.0
2019-09-03,25.0,17.9,0.0,9,3,2019,1300.0
2019-09-04,25.2,19.3,20.0,9,4,2019,1320.0
2019-09-05,29.0,20.8,80.0,9,5,2019,1400.0
2019-09-06,30.2,20.4,40.0,9,6,2019,1440.0
2019-09-10,29.6,18.3,160.0,9,10,2019,1760.0
2019-09-11,26.9,19.8,60.0,9,11,2019,1820.0
2019-09-17,27.5,9.9,-60.0,9,17,2019,1600.0
2019-09-18,27.1,12.1,40.0,9,18,2019,1640.0
2019-09-19,25.0,10.3,0.0,9,19,2019,1640.0
2019-09-20,23.7,11.9,-200.0,9,20,2019,1440.0
2019-09-24,24.9,11.0,100.0,9,24,2019,1760.0
2019-09-25,24.9,12.0,60.0,9,25,2019,1820.0
2019-09-26,27.3,14.8,-140.0,9,26,2019,1680.0
2019-09-27,26.1,15.2,-160.0,9,27,2019,1520.0
2019-10-01,26.4,14.7,-20.0,10,1,2019,1440.0
2019-10-02,22.2,19.0,-40.0,10,2,2019,1400.0
2019-10-08,20.7,4.8,-20.0,10,8,2019,1620.0
2019-10-11,25.2,9.2,-20.0,10,11,2019,1640.0
2019-10-15,19.7,6.5,20.0,10,15,2019,1660.0
2019-10-16,19.1,5.8,-60.0,10,16,2019,1600.0
2019-10-17,21.9,7.3,-20.0,10,17,2019,1580.0
2019-10-18,21.3,7.2,0.0,10,18,2019,1580.0
2019-10-22,23.5,7.9,-40.0,10,22,2019,1520.0
2019-10-23,19.5,7.2,-20.0,10,23,2019,1500.0
2019-10-24,22.1,10.9,-40.0,10,24,2019,1460.0
2019-10-25,21.8,8.9,-60.0,10,25,2019,1400.0
2019-10-29,17.6,3.9,-20.0,10,29,2019,1380.0
2019-10-30,16.8,1.3,0.0,10,30,2019,1380.0
2019-10-31,19.1,2.4,0.0,10,31,2019,1380.0
2019-11-01,20.9,5.6,0.0,11,1,2019,1380.0
2019-11-05,18.0,2.1,0.0,11,5,2019,1440.0
2019-11-06,16.4,2.6,0.0,11,6,2019,1440.0
2019-11-07,15.9,-0.1,0.0,11,7,2019,1440.0
2019-11-08,14.5,-3.3,-20.0,11,8,2019,1420.0
2019-11-12,14.1,0.9,0.0,11,12,2019,1340.0
2019-11-13,9.0,0.7,0.0,11,13,2019,1340.0
2019-11-14,4.9,-4.6,0.0,11,14,2019,1340.0
2019-11-15,4.0,-4.5,0.0,11,15,2019,1340.0
2019-11-19,4.6,-4.5,140.0,11,19,2019,1540.0
2019-11-20,7.1,-7.4,0.0,11,20,2019,1540.0
2019-11-21,8.9,-7.2,60.0,11,21,2019,1600.0
2019-11-22,16.8,-2.6,0.0,11,22,2019,1600.0
2019-11-26,13.3,-2.3,-80.0,11,26,2019,1400.0
2019-11-27,9.6,-2.1,-40.0,11,27,2019,1360.0
2019-11-28,10.7,-3.4,0.0,11,28,2019,1360.0
2019-11-29,8.8,-4.2,-40.0,11,29,2019,1320.0
2019-12-03,3.1,-8.6,0.0,12,3,2019,1320.0
2019-12-04,6.6,-4.7,100.0,12,4,2019,1420.0
2019-12-05,1.5,-10.4,-40.0,12,5,2019,1380.0
2019-12-10,10.0,1.4,0.0,12,10,2019,1440.0
2019-12-11,9.9,0.0,-40.0,12,11,2019,1400.0
2019-12-12,3.8,-6.4,-60.0,12,12,2019,1340.0
2019-12-13,6.1,-9.5,40.0,12,13,2019,1380.0
2019-12-17,8.0,3.3,-20.0,12,17,2019,1320.0
2019-12-18,4.4,-1.4,0.0,12,18,2019,1320.0
2019-12-19,4.6,-5.7,0.0,12,19,2019,1320.0
2019-12-20,3.3,-7.9,0.0,12,20,2019,1320.0
2019-12-24,4.3,-5.5,20.0,12,24,2019,1340.0
2019-12-27,2.9,-8.4,0.0,12,27,2019,1300.0
2019-12-31,-3.0,-11.3,160.0,12,31,2019,1520.0
2020-01-03,5.8,-7.7,-20.0,1,3,2020,1500.0
2020-01-07,4.4,0.6,0.0,1,7,2020,1440.0
2020-01-08,7.6,1.4,-120.0,1,8,2020,1320.0
2020-01-09,3.2,-4.7,0.0,1,9,2020,1320.0
2020-01-10,4.7,-5.9,-20.0,1,10,2020,1300.0
2020-01-14,2.8,-11.2,-60.0,1,14,2020,1180.0
2020-01-15,2.8,-11.7,0.0,1,15,2020,1180.0
2020-01-16,3.8,-10.8,0.0,1,16,2020,1180.0
2020-01-17,6.3,-10.7,-20.0,1,17,2020,1160.0
2020-01-21,6.0,-10.1,120.0,1,21,2020,1180.0
2020-01-22,5.5,-4.6,0.0,1,22,2020,1180.0
2020-01-23,11.9,-6.1,-40.0,1,23,2020,1140.0
2020-01-29,8.8,-4.4,75.0,1,29,2020,1100.0
2020-01-30,8.3,-3.8,0.0,1,30,2020,1100.0
2020-01-31,7.8,-3.3,-40.0,1,31,2020,1060.0
2020-02-04,4.4,-10.5,120.0,2,4,2020,1140.0
2020-02-05,-2.5,-13.3,0.0,2,5,2020,1140.0
2020-02-06,1.6,-15.9,-20.0,2,6,2020,1120.0
2020-02-07,2.4,-11.7,-100.0,2,7,2020,1020.0
2020-02-11,13.9,-7.6,20.0,2,11,2020,1020.0
2020-02-12,5.9,-0.3,-60.0,2,12,2020,960.0
2020-02-13,12.9,0.2,-20.0,2,13,2020,940.0
2020-02-14,14.5,-0.2,-140.0,2,14,2020,800.0
2020-02-18,1.7,-11.4,120.0,2,18,2020,980.0
2020-02-19,6.9,-9.6,120.0,2,19,2020,1100.0
2020-02-20,11.2,-5.5,80.0,2,20,2020,1180.0
2020-02-21,11.5,-3.5,-55.0,2,21,2020,1125.0
2020-02-25,7.2,-0.6,-50.0,2,25,2020,1050.0
2020-02-26,9.1,-1.6,0.0,2,26,2020,1050.0
2020-02-27,11.2,-1.4,-50.0,2,27,2020,1000.0
2020-02-28,3.7,-2.5,-100.0,2,28,2020,900.0
2020-03-03,11.6,-4.7,0.0,3,3,2020,700.0
2020-03-04,6.8,-2.5,0.0,3,4,2020,700.0
2020-03-05,8.2,-6.1,25.0,3,5,2020,725.0
2020-03-06,10.7,-7.5,0.0,3,6,2020,725.0
2020-03-10,8.8,3.8,100.0,3,10,2020,760.0
2020-03-11,8.6,-2.3,80.0,3,11,2020,840.0
2020-03-12,13.1,-5.1,0.0,3,12,2020,840.0
2020-03-13,11.7,-3.2,0.0,3,13,2020,840.0
2020-03-17,6.2,-3.2,-80.0,3,17,2020,820.0
2020-03-18,16.0,0.9,0.0,3,18,2020,820.0
2020-03-19,12.6,-1.0,-60.0,3,19,2020,760.0
2020-03-20,15.4,-1.5,20.0,3,20,2020,780.0
2020-03-24,18.2,-2.7,0.0,3,24,2020,800.0
2020-03-25,20.8,-2.0,0.0,3,25,2020,800.0
2020-03-26,23.1,0.7,0.0,3,26,2020,800.0
2020-03-27,16.0,4.3,0.0,3,27,2020,800.0
2020-03-31,20.0,-1.5,-20.0,3,31,2020,800.0
2020-04-01,17.8,1.1,-10.0,4,1,2020,790.0
2020-04-02,17.5,0.7,0.0,4,2,2020,790.0
2020-04-03,18.3,-3.7,0.0,4,3,2020,790.0
2020-04-07,18.9,-0.7,80.0,4,7,2020,880.0
2020-04-08,14.5,-1.2,20.0,4,8,2020,900.0
2020-04-09,15.6,-3.4,-20.0,4,9,2020,880.0
2020-04-10,15.9,-0.9,0.0,4,10,2020,880.0
2020-04-14,22.3,-3.0,60.0,4,14,2020,940.0
2020-04-17,12.9,7.5,0.0,4,17,2020,1000.0
2020-04-21,11.3,0.8,40.0,4,21,2020,1060.0
2020-04-22,8.8,-1.0,0.0,4,22,2020,1060.0
2020-04-23,14.2,-0.4,120.0,4,23,2020,1180.0
2020-04-24,16.2,-2.5,20.0,4,24,2020,1200.0
2020-04-28,21.3,-0.6,0.0,4,28,2020,1080.0
2020-04-29,22.7,2.9,0.0,4,29,2020,1080.0
2020-05-07,26.2,5.7,-60.0,5,7,2020,1200.0
2020-05-08,27.6,8.2,0.0,5,8,2020,1200.0
2020-05-12,19.1,8.5,-20.0,5,12,2020,1100.0
2020-05-13,22.8,5.6,120.0,5,13,2020,1220.0
2020-05-14,25.4,5.7,80.0,5,14,2020,1300.0
2020-05-15,16.0,12.8,80.0,5,15,2020,1380.0
2020-05-19,15.2,6.4,60.0,5,19,2020,1320.0
2020-05-20,15.7,5.8,40.0,5,20,2020,1360.0
2020-05-21,21.9,6.1,40.0,5,21,2020,1400.0
2020-05-22,22.4,10.5,20.0,5,22,2020,1420.0
2020-05-26,23.9,12.8,20.0,5,26,2020,1420.0
2020-05-27,24.6,10.0,-20.0,5,27,2020,1400.0
2020-05-28,23.5,10.2,0.0,5,28,2020,1400.0
2020-05-29,28.0,9.9,-20.0,5,29,2020,1380.0
2020-06-02,22.5,10.8,0.0,6,2,2020,1420.0
2020-06-03,28.3,16.1,20.0,6,3,2020,1440.0
2020-06-04,29.7,15.6,20.0,6,4,2020,1460.0
2020-06-05,29.1,16.7,-100.0,6,5,2020,1360.0
2020-06-09,33.4,17.3,0.0,6,9,2020,1340.0
2020-06-10,32.9,18.3,-20.0,6,10,2020,1320.0
2020-06-11,32.4,20.6,20.0,6,11,2020,1340.0
2020-06-12,27.9,17.4,20.0,6,12,2020,1360.0
2020-06-16,29.5,12.3,-100.0,6,16,2020,1740.0
2020-06-17,29.8,15.3,-140.0,6,17,2020,1600.0
2020-06-18,25.3,17.1,-40.0,6,18,2020,1560.0
2020-06-19,27.4,17.4,52.0,6,19,2020,1612.0
2020-06-23,33.0,18.2,0.0,6,23,2020,1564.0
2020-06-24,24.0,18.7,68.0,6,24,2020,1632.0
2020-06-25,23.4,19.0,14.0,6,25,2020,1646.0
2020-06-26,26.4,19.3,6.0,6,26,2020,1652.0
2020-06-30,23.7,17.1,40.0,6,30,2020,1532.0
2020-07-01,25.0,16.1,-20.0,7,1,2020,1512.0
2020-07-02,29.6,16.6,60.0,7,2,2020,1572.0
2020-07-03,30.1,18.6,0.0,7,3,2020,1572.0
2020-07-07,27.6,19.1,20.0,7,7,2020,1512.0
2020-07-08,31.3,17.8,0.0,7,8,2020,1512.0
2020-07-09,32.9,18.9,-20.0,7,9,2020,1492.0
2020-07-10,27.3,19.5,0.0,7,10,2020,1492.0
2020-07-14,23.4,16.2,0.0,7,14,2020,1792.0
2020-07-15,27.1,16.0,-20.0,7,15,2020,1772.0
2020-07-16,30.3,16.1,-20.0,7,16,2020,1752.0
2020-07-17,31.6,18.3,-80.0,7,17,2020,1672.0
2020-07-21,31.2,20.7,0.0,7,21,2020,1712.0
2020-07-22,28.1,19.4,-160.0,7,22,2020,1552.0
2020-07-23,23.4,17.6,0.0,7,23,2020,1552.0
2020-07-24,26.1,17.5,80.0,7,24,2020,1632.0
2020-07-28,26.6,20.3,88.0,7,28,2020,1892.0
2020-07-29,26.5,20.6,-80.0,7,29,2020,1812.0
2020-07-30,29.8,21.2,32.0,7,30,2020,1844.0
2020-07-31,30.8,20.8,368.0,7,31,2020,2212.0
2020-08-04,30.0,21.6,72.0,8,4,2020,2284.0
2020-08-05,25.4,23.0,68.0,8,5,2020,2352.0
2020-08-06,27.8,22.1,-40.0,8,6,2020,2312.0
2020-08-07,27.5,20.9,440.0,8,7,2020,2752.0
2020-08-11,28.1,21.9,200.0,8,11,2020,3358.0
2020-08-12,31.8,22.2,360.0,8,12,2020,3718.0
2020-08-13,30.2,23.6,-562.0,8,13,2020,3156.0
2020-08-14,30.7,25.0,-192.0,8,14,2020,2964.0
2020-08-19,32.2,22.0,-180.0,8,19,2020,2732.0
2020-08-20,32.7,21.9,-228.0,8,20,2020,2504.0
2020-08-21,29.3,21.5,-34.0,8,21,2020,2470.0
2020-08-25,34.2,22.7,-140.0,8,25,2020,2444.0
2020-08-26,34.7,22.5,72.0,8,26,2020,2516.0
2020-08-27,31.4,24.2,-34.0,8,27,2020,2482.0
2020-08-28,33.2,24.2,200.0,8,28,2020,2682.0
2020-09-01,30.7,19.8,-174.0,9,1,2020,2170.0
2020-09-02,24.1,21.8,-142.0,9,2,2020,2028.0
2020-09-03,26.1,20.1,236.0,9,3,2020,2264.0
2020-09-04,27.4,15.6,1148.0,9,4,2020,3412.0
2020-09-08,26.7,15.9,-32.0,9,8,2020,3352.0
2020-09-09,25.2,15.7,-100.0,9,9,2020,3252.0
2020-09-10,26.1,16.7,-340.0,9,10,2020,2912.0
2020-09-11,25.7,16.0,100.0,9,11,2020,3012.0
2020-09-15,27.3,16.6,-54.0,9,15,2020,2652.0
2020-09-16,24.2,18.4,34.0,9,16,2020,2686.0
2020-09-17,23.7,14.3,62.0,9,17,2020,2748.0
2020-09-18,24.8,12.3,0.0,9,18,2020,2748.0
2020-09-22,24.2,8.9,-94.0,9,22,2020,2572.0
2020-09-23,21.2,8.6,30.0,9,23,2020,2602.0
2020-09-24,23.0,10.9,70.0,9,24,2020,2672.0
2020-09-25,23.1,11.1,70.0,9,25,2020,2742.0
2020-09-29,23.7,10.7,-6.0,9,29,2020,3166.0
2020-10-06,19.8,4.6,-30.0,10,6,2020,2852.0
2020-10-07,22.4,4.7,64.0,10,7,2020,2916.0
2020-10-08,22.2,5.6,-74.0,10,8,2020,2842.0
2020-10-13,18.7,5.7,-290.0,10,13,2020,2452.0
2020-10-14,18.0,3.3,-20.0,10,14,2020,2432.0
2020-10-15,18.1,2.0,-60.0,10,15,2020,2372.0
2020-10-16,13.2,1.6,34.0,10,16,2020,2406.0
2020-10-20,22.0,4.0,140.0,10,20,2020,2572.0
2020-10-21,16.3,4.5,0.0,10,21,2020,2572.0
2020-10-22,18.8,5.9,-40.0,10,22,2020,2532.0
2020-10-23,14.1,-0.4,80.0,10,23,2020,2612.0
2020-10-27,19.7,3.0,-14.0,10,27,2020,2492.0
2020-10-28,20.1,2.5,80.0,10,28,2020,2572.0
2020-10-29,17.1,-2.3,0.0,10,29,2020,2572.0
2020-10-30,18.6,-1.6,80.0,10,30,2020,2652.0
2020-11-03,7.9,-2.3,-40.0,11,3,2020,2592.0
2020-11-04,10.5,-6.5,4.0,11,4,2020,2596.0
2020-11-05,15.3,-5.1,0.0,11,5,2020,2596.0
2020-11-06,18.0,5.3,-20.0,11,6,2020,2576.0
2020-11-10,12.8,-5.0,20.0,11,10,2020,2582.0
2020-11-11,15.9,-4.3,-100.0,11,11,2020,2482.0
2020-11-12,17.4,-3.9,90.0,11,12,2020,2572.0
2020-11-13,17.4,-1.4,50.0,11,13,2020,2622.0
2020-11-17,18.3,1.0,70.0,11,17,2020,2766.0
2020-11-18,16.5,10.8,-110.0,11,18,2020,2656.0
2020-11-19,21.0,8.8,6.0,11,19,2020,2662.0
2020-11-20,8.8,-0.4,-10.0,11,20,2020,2652.0
2020-11-24,6.9,-4.1,-110.0,11,24,2020,2632.0
2020-11-25,8.4,-4.4,-60.0,11,25,2020,2572.0
2020-11-26,10.6,-3.0,0.0,11,26,2020,2572.0
2020-11-27,8.0,-3.1,-100.0,11,27,2020,2472.0
2020-12-01,6.4,-9.5,-90.0,12,1,2020,2242.0
2020-12-02,5.7,-4.8,-40.0,12,2,2020,2202.0
2020-12-03,5.3,-7.0,110.0,12,3,2020,2312.0
2020-12-08,4.6,-8.1,-120.0,12,8,2020,2182.0
2020-12-09,5.4,-10.8,0.0,12,9,2020,2182.0
2020-12-10,7.0,-1.8,-250.0,12,10,2020,1932.0
2020-12-11,6.9,-4.0,0.0,12,11,2020,1932.0
2020-12-15,-5.4,-21.1,56.0,12,15,2020,1862.0
2020-12-16,-5.0,-21.3,-10.0,12,16,2020,1852.0
2020-12-17,-1.9,-21.1,150.0,12,17,2020,2002.0
2020-12-18,1.8,-11.2,-40.0,12,18,2020,1962.0
2020-12-22,4.0,-11.9,-200.0,12,22,2020,1772.0
2020-12-23,5.6,-8.9,-40.0,12,23,2020,1732.0
2020-12-24,5.1,-6.7,70.0,12,24,2020,1802.0
2020-12-29,2.8,-5.0,40.0,12,29,2020,1862.0
2020-12-30,-3.1,-14.2,330.0,12,30,2020,2192.0
2020-12-31,-5.0,-19.1,20.0,12,31,2020,2212.0
2021-01-05,-2.3,-15.0,180.0,1,5,2021,2522.0
2021-01-06,-3.6,-19.7,10.0,1,6,2021,2532.0
2021-01-07,-6.8,-20.0,330.0,1,7,2021,2862.0
2021-01-08,-11.0,-22.9,-170.0,1,8,2021,2692.0
2021-01-12,-0.3,-18.2,100.0,1,12,2021,2792.0
2021-01-13,6.5,-7.6,0.0,1,13,2021,2792.0
2021-01-14,7.5,-9.2,154.0,1,14,2021,2946.0
2021-01-15,9.4,-7.9,100.0,1,15,2021,3046.0
2021-01-19,-1.5,-19.7,-140.0,1,19,2021,3152.0
2021-01-20,6.0,-17.2,60.0,1,20,2021,3212.0
2021-01-21,5.9,-7.0,-40.0,1,21,2021,3172.0
2021-01-22,5.5,0.7,-100.0,1,22,2021,3072.0
2021-01-26,3.9,-1.6,-20.0,1,26,2021,3252.0
2021-01-27,6.8,-5.1,230.0,1,27,2021,3482.0
2021-01-28,0.4,-9.7,80.0,1,28,2021,3562.0
2021-01-29,-4.4,-13.2,330.0,1,29,2021,3892.0
2021-02-02,0.9,-7.8,60.0,2,2,2021,3852.0
2021-02-03,0.7,-14.1,140.0,2,3,2021,3992.0
2021-02-04,0.2,-13.0,320.0,2,4,2021,4312.0
2021-02-05,4.8,-7.1,340.0,2,5,2021,4652.0
2021-02-09,4.2,-11.6,-160.0,2,9,2021,4232.0
2021-02-10,6.5,-5.6,220.0,2,10,2021,4452.0
2021-02-16,-2.4,-10.5,-50.0,2,16,2021,4452.0
2021-02-17,-5.4,-11.4,-100.0,2,17,2021,4352.0
2021-02-18,-1.7,-15.0,480.0,2,18,2021,4832.0
2021-02-19,6.5,-14.0,100.0,2,19,2021,4932.0
2021-02-23,6.5,-7.6,480.0,2,23,2021,5452.0
2021-02-24,10.3,-8.8,-200.0,2,24,2021,5252.0
2021-02-25,7.6,-6.7,-180.0,2,25,2021,5072.0
2021-02-26,13.4,-7.4,0.0,2,26,2021,5072.0
2021-03-03,8.0,-5.9,0.0,3,3,2021,5152.0
2021-03-04,10.9,-3.0,0.0,3,4,2021,5152.0
2021-03-05,16.2,-2.1,100.0,3,5,2021,5252.0
2021-03-09,13.5,-3.9,-440.0,3,9,2021,4732.0
2021-03-10,17.1,-4.1,60.0,3,10,2021,4792.0
2021-03-11,17.6,-2.9,-420.0,3,11,2021,4372.0
2021-03-12,10.9,3.9,40.0,3,12,2021,4412.0
2021-03-16,15.4,1.6,60.0,3,16,2021,3852.0
2021-03-17,18.2,-2.9,-40.0,3,17,2021,3812.0
2021-03-18,18.9,-2.3,-100.0,3,18,2021,3712.0
2021-03-19,19.6,6.8,100.0,3,19,2021,3812.0
2021-03-23,17.0,-3.9,-120.0,3,23,2021,4272.0
2021-03-24,16.2,-2.1,0.0,3,24,2021,4272.0
2021-03-25,20.4,0.5,-160.0,3,25,2021,4112.0
2021-03-26,21.5,-0.8,-300.0,3,26,2021,3812.0
2021-03-30,18.8,-1.9,-60.0,3,30,2021,3772.0
2021-03-31,22.9,-1.6,-100.0,3,31,2021,3672.0
2021-04-01,22.3,2.0,40.0,4,1,2021,3712.0
2021-04-02,25.1,2.0,-320.0,4,2,2021,3392.0
2021-04-06,20.1,2.1,0.0,4,6,2021,3626.0
2021-04-07,20.7,1.1,-40.0,4,7,2021,3586.0
2021-04-08,18.5,0.3,140.0,4,8,2021,3726.0
2021-04-09,17.0,-0.1,-60.0,4,9,2021,3666.0
2021-04-13,16.4,7.2,-340.0,4,13,2021,3732.0
2021-04-14,15.4,0.1,180.0,4,14,2021,3912.0
2021-04-15,18.3,-0.6,80.0,4,15,2021,3992.0
2021-04-16,14.7,2.7,-160.0,4,16,2021,3832.0
2021-04-20,25.5,2.3,-340.0,4,20,2021,3532.0
2021-04-21,29.3,5.3,40.0,4,21,2021,3572.0
2021-04-22,28.2,10.5,-192.0,4,22,2021,3380.0
2021-04-23,20.5,12.1,272.0,4,23,2021,3652.0
2021-04-27,19.3,6.9,-72.0,4,27,2021,3200.0
2021-04-28,19.8,7.2,-208.0,4,28,2021,2992.0
2021-04-29,17.3,4.4,0.0,4,29,2021,2992.0
2021-04-30,13.8,6.7,-60.0,4,30,2021,2932.0
2021-05-04,17.1,6.7,-212.0,5,4,2021,2960.0
2021-05-07,18.4,5.8,-110.0,5,7,2021,3106.0
2021-05-11,27.3,4.8,0.0,5,11,2021,2912.0
2021-05-12,27.2,6.5,-220.0,5,12,2021,2692.0
2021-05-13,29.9,9.0,-220.0,5,13,2021,2472.0
2021-05-14,29.8,12.5,-120.0,5,14,2021,2352.0
2021-05-18,24.3,11.4,-100.0,5,18,2021,2352.0
2021-05-21,18.1,11.6,0.0,5,21,2021,1972.0
2021-05-25,16.8,8.3,0.0,5,25,2021,1812.0
2021-05-26,23.3,6.1,-340.0,5,26,2021,1472.0
2021-05-27,17.0,11.7,-40.0,5,27,2021,1432.0
2021-05-28,18.3,11.1,60.0,5,28,2021,1492.0
2021-06-01,23.8,14.4,-60.0,6,1,2021,1172.0
2021-06-02,29.9,14.8,-86.0,6,2,2021,1086.0
2021-06-03,23.1,14.0,0.0,6,3,2021,1086.0
2021-06-04,24.6,11.7,40.0,6,4,2021,1126.0
2021-06-08,27.3,15.6,80.0,6,8,2021,1066.0
2021-06-09,31.8,13.7,-40.0,6,9,2021,1026.0
2021-06-10,31.0,16.2,0.0,6,10,2021,1026.0
2021-06-11,25.5,18.1,80.0,6,11,2021,1106.0
2021-06-15,24.8,16.9,-160.0,6,15,2021,986.0
2021-06-16,25.6,15.7,-80.0,6,16,2021,906.0
2021-06-17,23.2,14.3,40.0,6,17,2021,946.0
2021-06-18,23.4,16.6,-200.0,6,18,2021,746.0
2021-06-22,27.2,15.0,20.0,6,22,2021,766.0
2021-06-23,26.0,14.8,160.0,6,23,2021,926.0
2021-06-24,28.6,14.8,-20.0,6,24,2021,906.0
2021-06-25,29.3,16.3,-66.0,6,25,2021,840.0
2021-06-29,29.4,18.4,0.0,6,29,2021,840.0
2021-06-30,28.1,19.1,0.0,6,30,2021,840.0
2021-07-01,31.0,17.4,-114.0,7,1,2021,726.0
2021-07-02,30.0,18.5,0.0,7,2,2021,726.0
2021-07-06,29.9,19.0,14.0,7,6,2021,1070.0
2021-07-07,29.4,21.1,180.0,7,7,2021,1250.0
2021-07-08,32.1,21.0,-34.0,7,8,2021,1216.0
2021-07-09,30.1,20.5,-90.0,7,9,2021,1126.0
2021-07-13,33.7,21.8,-120.0,7,13,2021,886.0
2021-07-14,34.0,22.8,-80.0,7,14,2021,806.0
2021-07-15,33.8,22.4,-22.0,7,15,2021,784.0
2021-07-16,34.1,22.3,58.0,7,16,2021,842.0
2021-07-20,32.9,21.4,-14.0,7,20,2021,1062.0
2021-07-21,35.2,21.4,-14.0,7,21,2021,1048.0
2021-07-22,35.4,20.4,-112.0,7,22,2021,936.0
2021-07-23,35.2,20.8,-10.0,7,23,2021,926.0
2021-07-27,35.4,23.1,-116.0,7,27,2021,846.0
2021-07-28,34.6,21.2,36.0,7,28,2021,882.0
2021-07-29,33.2,21.6,30.0,7,29,2021,912.0
2021-07-30,34.5,23.3,-16.0,7,30,2021,896.0
2021-08-03,31.7,23.8,98.0,8,3,2021,1176.0
2021-08-04,32.1,23.1,82.0,8,4,2021,1258.0
2021-08-05,33.6,22.3,178.0,8,5,2021,1436.0
2021-08-06,33.9,23.1,226.0,8,6,2021,1662.0
2021-08-10,29.2,18.6,-310.0,8,10,2021,1272.0
2021-08-11,30.9,19.9,-6.0,8,11,2021,1266.0
2021-08-12,29.8,19.1,10.0,8,12,2021,1276.0
2021-08-13,28.5,19.7,-130.0,8,13,2021,1146.0
2021-08-18,27.8,17.9,50.0,8,18,2021,1082.0
2021-08-19,28.7,15.1,64.0,8,19,2021,1146.0
2021-08-20,30.3,17.9,36.0,8,20,2021,1182.0
2021-08-24,25.3,19.8,-28.0,8,24,2021,1358.0
2021-08-25,25.7,21.2,38.0,8,25,2021,1396.0
2021-08-26,27.3,20.0,-30.0,8,26,2021,1366.0
2021-08-27,22.9,18.1,-116.0,8,27,2021,1250.0
2021-08-31,22.2,17.1,-146.0,8,31,2021,1422.0
2021-09-01,23.5,17.0,122.0,9,1,2021,1544.0
2021-09-02,27.4,17.6,132.0,9,2,2021,1676.0
2021-09-03,27.3,14.7,60.0,9,3,2021,1736.0
2021-09-07,20.0,16.5,-118.0,9,7,2021,1538.0
2021-09-08,27.9,17.0,40.0,9,8,2021,1578.0
2021-09-09,27.5,16.0,-28.0,9,9,2021,1550.0
2021-09-10,27.9,15.3,6.0,9,10,2021,1556.0
2021-09-14,28.4,15.4,40.0,9,14,2021,1576.0
2021-09-15,26.1,12.3,-50.0,9,15,2021,1526.0
2021-09-16,27.4,11.6,98.0,9,16,2021,1624.0
2021-09-17,25.6,14.7,0.0,9,17,2021,1624.0
2021-09-24,26.9,14.1,-22.0,9,24,2021,1602.0
2021-09-28,25.4,14.3,140.0,9,28,2021,1536.0
2021-09-29,21.3,17.7,-216.0,9,29,2021,1320.0
2021-09-30,26.1,14.7,-24.0,9,30,2021,1296.0
2021-10-01,27.3,14.2,20.0,10,1,2021,1316.0
2021-10-06,20.2,15.3,-124.0,10,6,2021,1146.0
2021-10-07,20.3,15.5,10.0,10,7,2021,1156.0
2021-10-08,19.6,16.1,232.0,10,8,2021,1388.0
2021-10-13,24.9,10.4,194.0,10,13,2021,1676.0
2021-10-14,23.7,12.4,4.0,10,14,2021,1680.0
2021-10-15,21.0,13.9,-192.0,10,15,2021,1488.0
2021-10-19,15.6,3.1,32.0,10,19,2021,1560.0
2021-10-20,14.8,0.9,78.0,10,20,2021,1638.0
2021-10-21,15.3,0.0,18.0,10,21,2021,1656.0
2021-10-22,16.7,1.8,-134.0,10,22,2021,1522.0
2021-10-26,18.3,1.9,0.0,10,26,2021,1518.0
2021-10-27,19.2,2.4,10.0,10,27,2021,1528.0
2021-10-28,20.1,0.5,-12.0,10,28,2021,1516.0
2021-10-29,20.0,1.1,6.0,10,29,2021,1522.0
2021-11-02,16.6,3.0,-30.0,11,2,2021,1512.0
2021-11-03,17.9,3.9,6.0,11,3,2021,1518.0
2021-11-04,17.0,1.1,10.0,11,4,2021,1528.0
2021-11-05,19.4,3.4,-6.0,11,5,2021,1522.0
2021-11-09,5.5,0.1,120.0,11,9,2021,1702.0
2021-11-10,6.8,-1.2,40.0,11,10,2021,1742.0
2021-11-11,9.9,-1.9,34.0,11,11,2021,1776.0
2021-11-12,9.1,-3.6,74.0,11,12,2021,1850.0
2021-11-16,14.4,-2.3,-46.0,11,16,2021,1736.0
2021-11-17,12.3,-4.5,-120.0,11,17,2021,1616.0
2021-11-18,14.7,1.0,-26.0,11,18,2021,1590.0
2021-11-19,16.1,5.4,46.0,11,19,2021,1636.0
2021-11-23,2.6,-5.6,-36.0,11,23,2021,1600.0
2021-11-24,9.1,-6.1,-8.0,11,24,2021,1592.0
2021-11-25,10.4,-4.2,-120.0,11,25,2021,1472.0
2021-11-26,8.2,-7.0,6.0,11,26,2021,1478.0
2021-11-30,7.8,-2.0,-10.0,11,30,2021,1478.0
2021-12-01,0.5,-7.0,84.0,12,1,2021,1562.0
2021-12-02,3.6,-10.4,38.0,12,2,2021,1600.0
2021-12-07,10.1,-4.9,4.0,12,7,2021,1542.0
2021-12-08,8.1,-3.2,-20.0,12,8,2021,1522.0
2021-12-09,5.4,-4.7,-142.0,12,9,2021,1380.0
2021-12-10,5.1,-2.7,-128.0,12,10,2021,1252.0
2021-12-14,4.8,-7.0,140.0,12,14,2021,1342.0
2021-12-15,8.9,0.2,0.0,12,15,2021,1342.0
2021-12-16,7.9,-0.4,-4.0,12,16,2021,1338.0
2021-12-17,3.6,-12.4,-56.0,12,17,2021,1282.0
2021-12-21,11.1,-4.9,-16.0,12,21,2021,1232.0
2021-12-22,8.1,-8.2,10.0,12,22,2021,1242.0
2021-12-23,7.4,-8.9,0.0,12,23,2021,1242.0
2021-12-24,3.0,-5.1,20.0,12,24,2021,1262.0
2021-12-28,-0.3,-15.1,-20.0,12,28,2021,1348.0
2021-12-29,2.4,-8.4,214.0,12,29,2021,1562.0
2021-12-30,-0.1,-10.6,-90.0,12,30,2021,1472.0
2021-12-31,-3.1,-14.6,-96.0,12,31,2021,1376.0
2022-01-04,2.7,-11.6,-30.0,1,4,2022,1298.0
2022-01-05,1.3,-14.9,0.0,1,5,2022,1298.0
2022-01-06,4.5,-12.6,-20.0,1,6,2022,1278.0
2022-01-07,4.5,-14.5,-6.0,1,7,2022,1272.0
2022-01-11,-0.9,-12.1,36.0,1,11,2022,1206.0
2022-01-12,-2.4,-17.8,-4.0,1,12,2022,1202.0
2022-01-13,-2.9,-16.7,160.0,1,13,2022,1362.0
2022-01-14,0.0,-18.2,36.0,1,14,2022,1398.0
2022-01-18,-0.5,-17.0,-20.0,1,18,2022,1366.0
2022-01-19,-3.6,-13.6,0.0,1,19,2022,1366.0
2022-01-20,0.9,-17.2,40.0,1,20,2022,1406.0
2022-01-21,4.9,-17.2,-18.0,1,21,2022,1388.0
2022-01-25,1.2,-2.0,-20.0,1,25,2022,1378.0
2022-01-26,6.3,-6.5,142.0,1,26,2022,1520.0
2022-01-27,5.3,-10.8,0.0,1,27,2022,1520.0
2022-01-28,3.3,-13.4,-4.0,1,28,2022,1516.0
2022-02-04,-0.4,-15.7,-116.0,2,4,2022,1400.0
2022-02-08,5.6,-12.7,-56.0,2,8,2022,1292.0
2022-02-09,6.7,-14.2,-20.0,2,9,2022,1272.0
2022-02-10,8.7,-10.7,-110.0,2,10,2022,1162.0
2022-02-11,8.8,-12.1,50.0,2,11,2022,1212.0
2022-02-15,0.0,-8.5,-42.0,2,15,2022,1128.0
2022-02-16,-3.6,-14.1,134.0,2,16,2022,1262.0
2022-02-17,-1.1,-17.4,30.0,2,17,2022,1292.0
2022-02-18,5.7,-16.9,-90.0,2,18,2022,1202.0
2022-02-22,0.5,-14.0,-20.0,2,22,2022,1396.0
2022-02-23,-0.3,-17.3,-34.0,2,23,2022,1362.0
2022-02-24,3.9,-17.8,0.0,2,24,2022,1362.0
2022-02-25,8.6,-12.5,64.0,2,25,2022,1426.0
2022-03-03,11.9,-5.7,54.0,3,3,2022,1702.0
2022-03-04,14.6,-7.5,220.0,3,4,2022,1922.0
2022-03-08,11.9,-6.0,-136.0,3,8,2022,1752.0
2022-03-11,18.6,-4.7,-46.0,3,11,2022,1706.0
2022-03-15,13.5,0.5,-6.0,3,15,2022,1672.0
2022-03-16,17.9,-1.5,-100.0,3,16,2022,1572.0
2022-03-17,14.5,4.3,-6.0,3,17,2022,1566.0
2022-03-18,9.3,1.8,-16.0,3,18,2022,1550.0
2022-03-22,13.4,-4.0,-44.0,3,22,2022,1412.0
2022-03-23,8.0,-0.9,-10.0,3,23,2022,1402.0
2022-03-24,10.1,1.3,14.0,3,24,2022,1416.0
2022-03-25,18.1,-0.7,-44.0,3,25,2022,1372.0
2022-03-29,17.1,-4.1,-8.0,3,29,2022,1242.0
2022-03-30,15.1,-1.3,10.0,3,30,2022,1252.0
2022-03-31,12.4,1.6,-84.0,3,31,2022,1168.0
2022-04-01,15.1,-2.5,-92.0,4,1,2022,1076.0
2022-04-05,17.8,-2.5,24.0,4,5,2022,1066.0
2022-04-06,18.6,0.3,36.0,4,6,2022,1102.0
2022-04-07,18.6,3.0,-20.0,4,7,2022,1082.0
2022-04-08,21.3,-2.1,146.0,4,8,2022,1228.0
2022-04-12,27.3,9.7,120.0,4,12,2022,1286.0
2022-04-13,13.9,6.5,-20.0,4,13,2022,1266.0
2022-04-14,12.1,5.7,-28.0,4,14,2022,1238.0
2022-04-15,18.3,1.1,-22.0,4,15,2022,1216.0
2022-04-19,23.0,0.9,40.0,4,19,2022,1206.0
2022-04-20,22.8,1.6,-24.0,4,20,2022,1182.0
2022-04-21,22.0,1.8,10.0,4,21,2022,1192.0
2022-04-22,18.0,11.5,-16.0,4,22,2022,1176.0
2022-04-26,27.3,14.1,-40.0,4,26,2022,1136.0
2022-04-27,23.6,6.7,0.0,4,27,2022,1136.0
2022-04-28,25.0,4.9,126.0,4,28,2022,1262.0
2022-04-29,14.7,6.1,110.0,4,29,2022,1372.0
2022-05-03,21.4,0.9,66.0,5,3,2022,1382.0
2022-05-04,25.5,1.9,4.0,5,4,2022,1386.0
2022-05-10,26.1,4.5,0.0,5,10,2022,1618.0
2022-05-11,25.3,8.3,-56.0,5,11,2022,1562.0
2022-05-12,26.9,10.2,-30.0,5,12,2022,1532.0
2022-05-13,19.5,8.4,-16.0,5,13,2022,1516.0
2022-05-17,26.0,6.2,170.0,5,17,2022,1592.0
2022-05-18,25.5,8.7,-76.0,5,18,2022,1516.0
2022-05-19,24.5,11.1,66.0,5,19,2022,1582.0
2022-05-20,26.1,9.2,-70.0,5,20,2022,1512.0
2022-05-24,30.7,10.4,54.0,5,24,2022,1552.0
2022-05-25,28.0,10.4,98.0,5,25,2022,1650.0
2022-05-26,23.3,11.1,30.0,5,26,2022,1680.0
2022-05-27,24.4,13.4,-10.0,5,27,2022,1670.0
2022-05-31,27.2,9.7,4.0,5,31,2022,1696.0
2022-06-03,31.6,12.7,-48.0,6,3,2022,1622.0
2022-06-08,25.1,11.8,64.0,6,8,2022,1746.0
2022-06-09,23.1,13.9,-10.0,6,9,2022,1736.0
2022-06-10,25.9,14.6,-90.0,6,10,2022,1646.0
2022-06-14,23.3,12.1,0.0,6,14,2022,1632.0
2022-06-15,18.1,12.9,34.0,6,15,2022,1666.0
2022-06-16,23.0,15.6,14.0,6,16,2022,1680.0
2022-06-17,28.1,14.2,-20.0,6,17,2022,1660.0
2022-06-21,34.0,18.4,4.0,6,21,2022,1528.0
2022-06-22,31.8,19.3,40.0,6,22,2022,1568.0
2022-06-23,28.4,18.2,114.0,6,23,2022,1682.0
2022-06-24,26.9,20.3,0.0,6,24,2022,1682.0
2022-06-28,29.4,23.2,-32.0,6,28,2022,1756.0
2022-06-29,28.5,23.3,-12.0,6,29,2022,1744.0
2022-06-30,25.1,20.3,34.0,6,30,2022,1778.0
2022-07-01,32.2,20.3,-50.0,7,1,2022,1728.0
2022-07-05,33.2,22.3,86.0,7,5,2022,1844.0
2022-07-06,32.8,22.3,54.0,7,6,2022,1898.0
2022-07-07,31.9,23.7,20.0,7,7,2022,1918.0
2022-07-08,28.6,23.9,-50.0,7,8,2022,1868.0
2022-07-12,30.3,18.4,20.0,7,12,2022,1888.0
2022-07-13,23.6,21.7,-74.0,7,13,2022,1814.0
2022-07-14,29.9,21.2,68.0,7,14,2022,1882.0
2022-07-15,31.2,19.0,-20.0,7,15,2022,1862.0
2022-07-19,32.0,21.3,194.0,7,19,2022,2262.0
2022-07-20,30.6,21.9,-44.0,7,20,2022,2218.0
2022-07-21,24.3,20.1,-56.0,7,21,2022,2162.0
2022-07-22,27.3,20.5,10.0,7,22,2022,2172.0
2022-07-26,33.2,20.2,-20.0,7,26,2022,2088.0
2022-07-27,32.5,21.4,30.0,7,27,2022,2118.0
2022-07-28,33.7,19.4,-100.0,7,28,2022,2018.0
2022-07-29,35.1,22.0,-70.0,7,29,2022,1948.0
2022-08-02,30.1,24.5,170.0,8,2,2022,2142.0
2022-08-03,29.3,24.0,-80.0,8,3,2022,2062.0
2022-08-04,32.6,24.5,26.0,8,4,2022,2088.0
2022-08-05,32.5,24.0,258.0,8,5,2022,2346.0
2022-08-09,26.2,22.8,244.0,8,9,2022,2954.0
2022-08-10,30.1,21.0,-72.0,8,10,2022,2882.0
2022-08-11,26.6,21.8,-18.0,8,11,2022,2864.0
2022-08-12,32.7,21.7,24.0,8,12,2022,2888.0
2022-08-17,30.9,19.1,-118.0,8,17,2022,2624.0
2022-08-18,29.2,19.4,-232.0,8,18,2022,2392.0
2022-08-19,27.0,21.1,42.0,8,19,2022,2434.0
2022-08-23,30.3,20.5,-110.0,8,23,2022,2192.0
2022-08-24,26.5,18.1,-154.0,8,24,2022,2038.0
2022-08-25,24.3,17.3,-28.0,8,25,2022,2010.0
2022-08-26,27.8,17.0,0.0,8,26,2022,2010.0
2022-08-30,19.3,16.0,-34.0,8,30,2022,2194.0
2022-08-31,23.5,17.2,394.0,8,31,2022,2588.0
2022-09-01,29.3,16.5,20.0,9,1,2022,2608.0
2022-09-02,28.7,14.8,-226.0,9,2,2022,2382.0
2022-09-06,25.7,13.0,-90.0,9,6,2022,2486.0
2022-09-07,27.5,12.4,58.0,9,7,2022,2544.0
2022-09-08,29.3,12.8,-76.0,9,8,2022,2468.0
2022-09-14,27.2,16.1,-258.0,9,14,2022,1986.0
2022-09-15,29.5,14.6,-28.0,9,15,2022,1958.0
2022-09-16,31.0,18.2,-54.0,9,16,2022,1904.0
2022-09-20,22.9,10.5,186.0,9,20,2022,1996.0
2022-09-21,24.2,9.9,-44.0,9,21,2022,1952.0
2022-09-22,23.7,8.8,0.0,9,22,2022,1952.0
2022-09-23,23.0,8.5,16.0,9,23,2022,1968.0
2022-09-27,27.2,9.6,6.0,9,27,2022,2014.0
2022-09-28,23.9,11.0,-94.0,9,28,2022,1920.0
2022-09-29,26.3,11.4,-26.0,9,29,2022,1894.0
2022-09-30,26.5,11.4,0.0,9,30,2022,1894.0
2022-10-05,19.3,11.2,206.0,10,5,2022,2440.0
2022-10-06,18.9,10.1,-310.0,10,6,2022,2130.0
2022-10-07,18.1,6.9,44.0,10,7,2022,2174.0
2022-10-12,21.1,4.6,38.0,10,12,2022,2228.0
2022-10-13,21.5,7.2,-64.0,10,13,2022,2164.0
2022-10-14,21.9,8.5,-34.0,10,14,2022,2130.0
2022-10-18,14.4,-0.8,-42.0,10,18,2022,1942.0
2022-10-19,16.3,-0.9,-78.0,10,19,2022,1864.0
2022-10-20,19.6,-1.1,-44.0,10,20,2022,1820.0
2022-10-21,20.7,3.7,14.0,10,21,2022,1834.0
2022-10-25,15.4,-0.3,120.0,10,25,2022,1960.0
2022-10-26,18.3,-0.1,-4.0,10,26,2022,1956.0
2022-10-27,19.7,1.9,-24.0,10,27,2022,1932.0
2022-10-28,20.2,3.9,-68.0,10,28,2022,1864.0
2022-11-01,19.3,3.4,-44.0,11,1,2022,1852.0
2022-11-02,18.6,1.8,-69.0,11,2,2022,1783.0
2022-11-03,12.9,-0.2,69.0,11,3,2022,1852.0
2022-11-04,9.8,-4.1,-22.0,11,4,2022,1830.0
2022-11-08,17.4,1.1,-20.0,11,8,2022,1960.0
2022-11-09,15.4,-1.2,24.0,11,9,2022,1984.0
2022-11-10,17.8,0.8,-4.0,11,10,2022,1980.0
2022-11-11,21.3,2.7,-48.0,11,11,2022,1932.0
2022-11-15,11.7,-1.0,96.0,11,15,2022,2072.0
2022-11-16,12.5,0.8,48.0,11,16,2022,2120.0
2022-11-17,14.9,-0.5,20.0,11,17,2022,2140.0
2022-11-18,16.8,-0.1,-30.0,11,18,2022,2110.0
2022-11-22,11.8,2.0,-50.0,11,22,2022,1944.0
2022-11-23,16.5,0.7,-40.0,11,23,2022,1904.0
2022-11-24,13.9,-1.1,-76.0,11,24,2022,1828.0
2022-11-25,16.1,-1.7,-16.0,11,25,2022,1812.0
2022-11-29,11.6,0.1,-28.0,11,29,2022,1784.0
2022-11-30,0.1,-8.2,8.0,11,30,2022,1792.0
2022-12-01,-1.3,-12.4,-56.0,12,1,2022,1736.0
2022-12-06,2.8,-11.1,-72.0,12,6,2022,1682.0
2022-12-07,7.8,-6.0,-14.0,12,7,2022,1668.0
2022-12-08,7.7,-7.4,-66.0,12,8,2022,1602.0
2022-12-09,6.7,-6.7,28.0,12,9,2022,1630.0
2022-12-13,2.6,-6.8,0.0,12,13,2022,1706.0
2022-12-14,-6.1,-13.4,178.0,12,14,2022,1884.0
2022-12-15,-3.5,-14.2,0.0,12,15,2022,1884.0
2022-12-16,-1.9,-17.9,-54.0,12,16,2022,1830.0
2022-12-20,1.3,-18.0,-118.0,12,20,2022,1752.0
2022-12-21,-0.9,-7.1,-6.0,12,21,2022,1746.0
2022-12-22,-3.1,-13.4,194.0,12,22,2022,1940.0
2022-12-23,-9.5,-17.0,174.0,12,23,2022,2114.0
2022-12-27,1.9,-17.0,-50.0,12,27,2022,1954.0
2022-12-28,0.1,-13.8,140.0,12,28,2022,2094.0
2022-12-29,0.7,-16.4,28.0,12,29,2022,2122.0
2022-12-30,1.5,-11.7,160.0,12,30,2022,2282.0
